b'0',b'r9vt'
b'1',b'ez79'
b'2',b'kpbh'
b'3',b'6d8n'
b'4',b'3yjd'
b'5',b'kwub'
b'6',b'ya4p'
b'7',b'hzvy'
b'8',b'9whb'
b'9',b'49tf'
b'10',b'7rap'
b'11',b'u6ea'
b'12',b'yah3'
b'13',b'4y7d'
b'14',b'kub7'
b'15',b'n4mw'
b'16',b'638w'
b'17',b'n9py'
b'18',b'tp6f'
b'19',b'yvf2'
b'20',b'2j7v'
b'21',b'47pk'
b'22',b'n3ky'
b'23',b'hfw4'
b'24',b'fvbx'
b'25',b'xe6w'
b'26',b'hybd'
b'27',b'v8pb'
b'28',b'v9ue'
b'29',b'z62m'
b'30',b'9r7f'
b'31',b'zhtm'
b'32',b'2f8w'
b'33',b'umnt'
b'34',b'2u98'
b'35',b'xrhn'
b'36',b'x327'
b'37',b'vwte'
b'38',b'f6k4'
b'39',b'rdwf'
b'40',b'vbph'
b'41',b'9xub'
b'42',b'umrx'
b'43',b'ykzd'
b'44',b'um8j'
b'45',b'f49h'
b'46',b'4vbj'
b'47',b'd74m'
b'48',b'3m8t'
b'49',b'3ukh'
b'50',b'wvdy'
b'51',b'pvzj'
b'52',b'h74m'
b'53',b'rk73'
b'54',b'6mzt'
b'55',b'4v9b'
b'56',b'j37u'
b'57',b'9y4z'
b'58',b'u2ye'
b'59',b'w34d'
b'60',b'396k'
b'61',b'zvbe'
b'62',b'rznt'
b'63',b'u3xn'
b'64',b't8rd'
b'65',b'pj4b'
b'66',b're9n'
b'67',b'k9va'
b'68',b'ym34'
b'69',b'tnvb'
b'70',b'j9rx'
b'71',b'nbdx'
b'72',b'k6ph'
b'73',b'ntb7'
b'74',b'2py8'
b'75',b'k3he'
b'76',b'kdyf'
b'77',b'm4h3'
b'78',b'7m3e'
b'79',b'hv7m'
b'80',b'73k8'
b'81',b'jwuh'
b'82',b'yz92'
b'83',b'74vk'
b'84',b'k6ya'
b'85',b'm78v'
b'86',b'wma7'
b'87',b'bwj4'
b'88',b'24n7'
b'89',b'wdjy'
b'90',b'kuy4'
b'91',b'rpxv'
b'92',b'ejzd'
b'93',b'982e'
b'94',b'yr8k'
b'95',b'8b69'
b'96',b'dd18'
b'97',b'h42m'
b'98',b'ru7m'
b'99',b'47um'
b'100',b'7fyb'
b'101',b'bjv6'
b'102',b'67jd'
b'103',b'nfrz'
b'104',b'mznx'
b'105',b'jaun'
b'106',b'ujap'
b'107',b'4j6w'
b'108',b'kzja'
b'109',b'8mun'
b'110',b'v2xf'
b'111',b'tkdu'
b'112',b'u6x2'
b'113',b'7jrb'
b'114',b'hej4'
b'115',b'6fna'
b'116',b'naj9'
b'117',b'p23x'
b'118',b'2ym3'
b'119',b'f863'
b'120',b'4tz3'
b'121',b'6t7y'
b'122',b'f7av'
b'123',b'k7y2'
b'124',b'hmap'
b'125',b'mbvt'
b'126',b'zr46'
b'127',b'72k9'
b'128',b'27uz'
b'129',b'njaw'
b'130',b'wd9h'
b'131',b'9bzk'
b'132',b'9mf8'
b'133',b'mh9k'
b'134',b'abf9'
b'135',b'8f6b'
b'136',b'h2yz'
b'137',b'dm4u'
b'138',b'ujbm'
b'139',b'fepr'
b'140',b'7nzd'
b'141',b'yk23'
b'142',b'zjvf'
b'143',b'84zj'
b'144',b'kwpf'
b'145',b'3p9d'
b'146',b'9peu'
b'147',b'xajn'
b'148',b'kr2w'
b'149',b'x9fk'
b'150',b'n426'
b'151',b'82w7'
b'152',b'9ptx'
b'153',b'jawe'
b'154',b'j6aw'
b'155',b'pt4k'
b'156',b'jbna'
b'157',b'yxub'
b'158',b'tja3'
b'159',b'ma9j'
b'160',b'7d2n'
b'161',b'ax83'
b'162',b'khzy'
b'163',b'32xu'
b'164',b'83dr'
b'165',b'469v'
b'166',b'drje'
b'167',b'hze4'
b'168',b'njvm'
b'169',b'a2bz'
b'170',b'rybn'
b'171',b'847u'
b'172',b'wr78'
b'173',b'mx32'
b'174',b'erh7'
b'175',b'ymap'
b'176',b'ry7a'
b'177',b'kth7'
b'178',b'fyb4'
b'179',b'2jf4'
b'180',b'8pmk'
b'181',b'2jvz'
b'182',b'2ntw'
b'183',b'y9ze'
b'184',b'kvta'
b'185',b'rjex'
b'186',b'x96w'
b'187',b'7hwn'
b'188',b'ru6y'
b'189',b'3nt3'
b'190',b'9mr2'
b'191',b'zfw6'
b'192',b'd3n7'
b'193',b'2d6x'
b'194',b'fu73'
b'195',b'udjw'
b'196',b'4a3t'
b'197',b'rpek'
b'198',b'j4nb'
b'199',b'fmer'
b'200',b'rkut'
b'201',b'pemj'
b'202',b'869m'
b'203',b'b46a'
b'204',b'4bjy'
b'205',b'tr6k'
b'206',b'6wvp'
b'207',b'dz8p'
b'208',b'krvb'
b'209',b'epz2'
b'210',b'7txu'
b'211',b'm7tv'
b'212',b'rb8w'
b'213',b'2rze'
b'214',b'2hur'
b'215',b'mteb'
b'216',b'6zau'
b'217',b'f3n2'
b'218',b'xub2'
b'219',b'6jr4'
b'220',b'38p7'
b'221',b'9eyd'
b'222',b'unxm'
b'223',b'rzwu'
b'224',b'26pn'
b'225',b'n7dj'
b'226',b'6f8h'
b'227',b'mkua'
b'228',b'hpjm'
b'229',b'3mrd'
b'230',b'xf8y'
b'231',b'fy8h'
b'232',b'2uxk'
b'233',b'29mh'
b'234',b'6m7v'
b'235',b'nutk'
b'236',b'93dn'
b'237',b'dtk6'
b'238',b'9rjx'
b'239',b'we7v'
b'240',b'ue2w'
b'241',b'b73t'
b'242',b'69nb'
b'243',b'9t7a'
b'244',b'467z'
b'245',b'3a64'
b'246',b'6dbx'
b'247',b'zrkf'
b'248',b'p8bf'
b'249',b'78d3'
b'250',b'zvhu'
b'251',b'pyrf'
b'252',b'w7j3'
b'253',b'vafd'
b'254',b'6nvz'
b'255',b'rzuf'
b'256',b'3ptf'
b'257',b'wfp9'
b'258',b'xyvk'
b'259',b'bxd4'
b'260',b'rf6d'
b'261',b'z49b'
b'262',b'7ktw'
b'263',b'kxhu'
b'264',b'f7b5'
b'265',b'w6ay'
b'266',b'b7dt'
b'267',b'x9yh'
b'268',b'wmxf'
b'269',b'tbfk'
b'270',b'k2fe'
b'271',b'4hnz'
b'272',b'rkj8'
b'273',b'afvk'
b'274',b'ujba'
b'275',b'7zr9'
b'276',b'ermf'
b'277',b'rywn'
b'278',b'wr9p'
b'279',b'yfe6'
b'280',b'4b3n'
b'281',b'kt6j'
b'282',b'h2jx'
b'283',b'ndr9'
b'284',b'248z'
b'285',b'ayw6'
b'286',b'hmdv'
b'287',b'ehty'
b'288',b'f3vw'
b'289',b'xfz4'
b'290',b'vuny'
b'291',b'47d2'
b'292',b'e94k'
b'293',b'xw9n'
b'294',b'8uem'
b'295',b'9pmk'
b'296',b'wneb'
b'297',b'n37a'
b'298',b'vjzk'
b'299',b'j2wk'
b'300',b'j9an'
b'301',b'wvxt'
b'302',b'wfun'
b'303',b'pd47'
b'304',b'uye6'
b'305',b'vjx7'
b'306',b'3kzv'
b'307',b'e6xr'
b'308',b'r4xz'
b'309',b'nah2'
b'310',b'tyrz'
b'311',b'v4nk'
b'312',b'9d34'
b'313',b'67rb'
b'314',b'pkam'
b'315',b'fbkn'
b'316',b'w4fd'
b'317',b'3r9j'
b'318',b'puxy'
b'319',b'9ezk'
b'320',b'fw6u'
b'321',b'r6zv'
b'322',b'74py'
b'323',b'zw7e'
b'324',b'bhzd'
b'325',b'nyxp'
b'326',b'8wbp'
b'327',b'devh'
b'328',b'6xar'
b'329',b'ba38'
b'330',b'pbnv'
b'331',b'9zkd'
b'332',b'x6f7'
b'333',b'7n6z'
b'334',b'p36z'
b'335',b'rh3a'
b'336',b'f8m3'
b'337',b'e6m4'
b'338',b'4r3p'
b'339',b'jpem'
b'340',b'aw87'
b'341',b'etvy'
b'342',b'bt3j'
b'343',b'uz6f'
b'344',b'xyma'
b'345',b'ezrf'
b'346',b'9exk'
b'347',b'jx9m'
b'348',b'w7yh'
b'349',b'hbxu'
b'350',b'jkt7'
b'351',b'e2k9'
b'352',b'r7n4'
b'353',b'wpk3'
b'354',b'mxvn'
b'355',b'jzu4'
b'356',b'68ak'
b'357',b'wt82'
b'358',b'3hxr'
b'359',b'yfwx'
b'360',b'nkz9'
b'361',b'ztap'
b'362',b'jwhm'
b'363',b'twfz'
b'364',b'yr6u'
b'365',b'8xya'
b'366',b'8vx3'
b'367',b'2a9d'
b'368',b'vprz'
b'369',b'det8'
b'370',b'6bzn'
b'371',b'9dva'
b'372',b'862d'
b'373',b'8e3p'
b'374',b'w8bz'
b'375',b'9y7k'
b'376',b'p389'
b'377',b'yevd'
b'378',b'6hdk'
b'379',b'63b8'
b'380',b'nm4z'
b'381',b'x7hd'
b'382',b'jfwd'
b'383',b'wz78'
b'384',b'tn69'
b'385',b'wafu'
b'386',b'vd2z'
b'387',b'vtjb'
b'388',b'd9nf'
b'389',b'nev4'
b'390',b'ed82'
b'391',b'uf6h'
b'392',b'4tmx'
b'393',b'abhr'
b'394',b'ey2n'
b'395',b'8r4h'
b'396',b'h8z2'
b'397',b'fthm'
b'398',b'n39x'
b'399',b'ynf6'
b'400',b'd2j9'
b'401',b'mh6j'
b'402',b'r6u8'
b'403',b'y8ex'
b'404',b'w8fx'
b'405',b'nxkf'
b'406',b'frhb'
b'407',b'y3eu'
b'408',b'ajen'
b'409',b'zv9f'
b'410',b'xn93'
b'411',b'8b9a'
b'412',b'x2h4'
b'413',b'hr7n'
b'414',b'92rx'
b'415',b'8rtu'
b'416',b'erh4'
b'417',b'w72d'
b'418',b'mxy2'
b'419',b'nkjy'
b'420',b'kzy2'
b'421',b'62x8'
b'422',b'8w7a'
b'423',b'wh4r'
b'424',b'4dr8'
b'425',b'wert'
b'426',b'zx2t'
b'427',b'9p2e'
b'428',b'hb2n'
b'429',b'az3k'
b'430',b'26wm'
b'431',b'73ne'
b'432',b'b9pu'
b'433',b'd34v'
b'434',b'et2y'
b'435',b'ampb'
b'436',b'93fx'
b'437',b'tk6y'
b'438',b'uwfa'
b'439',b'mxnv'
b'440',b'mvtp'
b'441',b'2fbj'
b'442',b'zu6t'
b'443',b'k8fm'
b'444',b'y2rk'
b'445',b'r492'
b'446',b'z46b'
b'447',b'pvtj'
b'448',b'ptae'
b'449',b'wmbj'
b'450',b'6uby'
b'451',b'n8ma'
b'452',b't2y4'
b'453',b'bmne'
b'454',b'fe8x'
b'455',b'kz6w'
b'456',b'48d6'
b'457',b'y4eb'
b'458',b'pyzm'
b'459',b'n2tj'
b'460',b'm7u4'
b'461',b'8tjm'
b'462',b'6ae8'
b'463',b'eypn'
b'464',b'46yh'
b'465',b'zvj4'
b'466',b'pwdk'
b'467',b'fp9r'
b'468',b'thm6'
b'469',b'8xbh'
b'470',b'rzfw'
b'471',b'nud9'
b'472',b'ajub'
b'473',b'yth4'
b'474',b'bxvk'
b'475',b'jn7m'
b'476',b'74br'
b'477',b'ja3z'
b'478',b'ma3w'
b'479',b'347a'
b'480',b'pkf8'
b'481',b'mu83'
b'482',b'fw6z'
b'483',b'mvyz'
b'484',b'9myd'
b'485',b'k7a3'
b'486',b'ma4n'
b'487',b'rp96'
b'488',b'ejfv'
b'489',b'6yed'
b'490',b'kwy3'
b'491',b'xm8e'
b'492',b'zjme'
b'493',b'29eb'
b'494',b'vref'
b'495',b'evtn'
b'496',b'n9x4'
b'497',b'n2vu'
b'498',b'7j82'
b'499',b'8bx2'
b'500',b'wru4'
b'501',b'tvj7'
b'502',b'r4yh'
b'503',b'2xbm'
b'504',b'xt8h'
b'505',b'tm9y'
b'506',b'4hm7'
b'507',b'f839'
b'508',b'bvnk'
b'509',b'z3w2'
b'510',b'dzw2'
b'511',b'yehx'
b'512',b'p6f3'
b'513',b'uwpe'
b'514',b'ebxj'
b'515',b'mbef'
b'516',b'6bup'
b'517',b'9yet'
b'518',b'9ebd'
b'519',b'4mj7'
b'520',b'7n68'
b'521',b'bauf'
b'522',b'fazc'
b'523',b'2dty'
b'524',b'7zte'
b'525',b'82jv'
b'526',b'2wyr'
b'527',b'7pah'
b'528',b'97tf'
b'529',b'epm9'
b'530',b'ybxe'
b'531',b'4v6t'
b'532',b'pj9d'
b'533',b'd6h8'
b'534',b'y3nm'
b'535',b'4kby'
b'536',b'x69u'
b'537',b'knvy'
b'538',b'kxjy'
b'539',b'pdhz'
b'540',b'nxh2'
b'541',b'w9n2'
b'542',b'pd8j'
b'543',b'bvud'
b'544',b'x4p6'
b'545',b'jr2m'
b'546',b'jbd6'
b'547',b'mxtr'
b'548',b'nukw'
b'549',b'j2x6'
b'550',b'hret'
b'551',b'b2em'
b'552',b'tuab'
b'553',b'wvbk'
b'554',b'hj27'
b'555',b'92md'
b'556',b'bpe7'
b'557',b'3u9x'
b'558',b'vmux'
b'559',b'k89h'
b'560',b'he7j'
b'561',b'dbk8'
b'562',b'3n6v'
b'563',b'36t4'
b'564',b'zd2y'
b'565',b'4pem'
b'566',b'xr8z'
b'567',b'n68e'
b'568',b't7un'
b'569',b't2x9'
b'570',b'rzyd'
b'571',b'34wj'
b'572',b'wbe3'
b'573',b'djv7'
b'574',b'uy7m'
b'575',b'yb26'
b'576',b'k8r3'
b'577',b'ynvt'
b'578',b'v329'
b'579',b'uh3b'
b'580',b'9jnb'
b'581',b'dut7'
b'582',b'48z3'
b'583',b'36n2'
b'584',b'av9x'
b'585',b'2m78'
b'586',b'jwde'
b'587',b'mkjy'
b'588',b'htfz'
b'589',b'jb6d'
b'590',b'e7pb'
b'591',b'rezn'
b'592',b'yzmn'
b'593',b'a4f3'
b'594',b'xmfu'
b'595',b'vuj6'
b'596',b'6zfv'
b'597',b'hx8m'
b'598',b'ywtp'
b'599',b'n9dz'
b'600',b'mvt8'
b'601',b'2xzy'
b'602',b'w64y'
b'603',b'xkh3'
b'604',b'kyrd'
b'605',b'nkzf'
b'606',b'yedp'
b'607',b'27h9'
b'608',b'64ba'
b'609',b'fu3w'
b'610',b'w3mt'
b'611',b'jm9n'
b'612',b'3upb'
b'613',b'6uwj'
b'614',b'kfbp'
b'615',b'kfup'
b'616',b'hxjz'
b'617',b'934e'
b'618',b'y2f3'
b'619',b'tmw9'
b'620',b'wxb8'
b'621',b'pv6d'
b'622',b'j4df'
b'623',b'hypa'
b'624',b'f24v'
b'625',b'zrpy'
b'626',b'z4n8'
b'627',b'vh3a'
b'628',b'fbyd'
b'629',b'9btp'
b'630',b'pwh4'
b'631',b'hnvb'
b'632',b'4ef3'
b'633',b'ywhp'
b'634',b'rdp9'
b'635',b'pkhe'
b'636',b'72y6'
b'637',b'nzbu'
b'638',b'wdxt'
b'639',b'dyux'
b'640',b'4zt2'
b'641',b'f9v8'
b'642',b'jhdy'
b'643',b'u3xj'
b'644',b'3xe6'
b'645',b'v2ud'
b'646',b'fy3b'
b'647',b'2j3v'
b'648',b'324m'
b'649',b'h8ja'
b'650',b'f92j'
b'651',b'vbdt'
b'652',b'fkan'
b'653',b'frh4'
b'654',b'hkva'
b'655',b'rx2p'
b'656',b'mr93'
b'657',b'4au3'
b'658',b'mkfe'
b'659',b'vj87'
b'660',b'2nh7'
b'661',b'vhb9'
b'662',b'f9xn'
b'663',b'dk68'
b'664',b'pwb3'
b'665',b'4duv'
b'666',b'7brk'
b'667',b'azh8'
b'668',b'bt9n'
b'669',b'tr79'
b'670',b'bey6'
b'671',b'b4t8'
b'672',b'8b6u'
b'673',b'v29a'
b'674',b'aftn'
b'675',b'42wr'
b'676',b'jd92'
b'677',b'342r'
b'678',b'axjh'
b'679',b'6ey3'
b'680',b'anxm'
b'681',b'mw9u'
b'682',b'rv2m'
b'683',b'de2k'
b'684',b'jtwd'
b'685',b'ewkp'
b'686',b'j3ky'
b'687',b'843n'
b'688',b'wakd'
b'689',b'jpzd'
b'690',b'mavf'
b'691',b'8ujt'
b'692',b'fury'
b'693',b'zd6a'
b'694',b'pjt7'
b'695',b'4e8z'
b'696',b'ad86'
b'697',b'rkmw'
b'698',b'm3tv'
b'699',b'humd'
b'700',b'4tpe'
b'701',b'bfxu'
b'702',b'd7vn'
b'703',b'nupr'
b'704',b'duzb'
b'705',b'e6uk'
b'706',b'7de6'
b'707',b'2bw3'
b'708',b'2pn4'
b'709',b'jft3'
b'710',b'u9eb'
b'711',b'pud3'
b'712',b'mn6d'
b'713',b'fakt'
b'714',b'a52d'
b'715',b'yvzd'
b'716',b'8fv7'
b'717',b'8db2'
b'718',b'f73d'
b'719',b'dbm6'
b'720',b'kwby'
b'721',b'bp78'
b'722',b'znap'
b'723',b'rb6v'
b'724',b'fnw2'
b'725',b'k3py'
b'726',b't2n7'
b'727',b'v73r'
b'728',b'atm3'
b'729',b'e7xa'
b'730',b'7tu8'
b'731',b'zabp'
b'732',b'ekbu'
b'733',b'6t8v'
b'734',b'7wkr'
b'735',b'3j8e'
b'736',b'p9rd'
b'737',b'9fa8'
b'738',b'ak24'
b'739',b'by2d'
b'740',b'jwby'
b'741',b'vdyj'
b'742',b'7pf6'
b'743',b'689h'
b'744',b'b6p2'
b'745',b'nkzj'
b'746',b'ht4u'
b'747',b'4bma'
b'748',b'kna6'
b'749',b'x7zj'
b'750',b'r8zd'
b'751',b'379k'
b'752',b'eymw'
b'753',b'pndm'
b'754',b'6dxz'
b'755',b'ndju'
b'756',b'kvz7'
b'757',b'ujkr'
b'758',b'ufr6'
b'759',b'43mz'
b'760',b'x7kv'
b'761',b'ku4t'
b'762',b'6fuw'
b'763',b'naj9'
b'764',b'vyh2'
b'765',b'tuph'
b'766',b'9zh3'
b'767',b'r2jn'
b'768',b'fxk6'
b'769',b'6tnk'
b'770',b'kmy3'
b'771',b'y4ed'
b'772',b'm2tp'
b'773',b'a4nr'
b'774',b'79e4'
b'775',b'ayt3'
b'776',b'wm7b'
b'777',b'w2e4'
b'778',b'hpwt'
b'779',b'rzvu'
b'780',b'h67e'
b'781',b'4e2u'
b'782',b'zya2'
b'783',b'429y'
b'784',b'nvep'
b'785',b'm9da'
b'786',b'b8va'
b'787',b'6ajx'
b'788',b'e6jx'
b'789',b'82pt'
b'790',b'yd34'
b'791',b'kftj'
b'792',b'fubm'
b'793',b'rwyu'
b'794',b'6rn8'
b'795',b'zwp3'
b'796',b'ter8'
b'797',b'vn69'
b'798',b'x4yf'
b'799',b'ka7y'
b'800',b'wdnb'
b'801',b'p9mw'
b'802',b'6mk7'
b'803',b'ezf2'
b'804',b'u46x'
b'805',b'fdy9'
b'806',b'938z'
b'807',b'9hn4'
b'808',b'rjnm'
b'809',b'jekm'
b'810',b'vuzm'
b'811',b'vmry'
b'812',b'9bje'
b'813',b'jbty'
b'814',b'kzam'
b'815',b'vh7x'
b'816',b'abyt'
b'817',b'vae8'
b'818',b't3we'
b'819',b'9yrm'
b'820',b'48vf'
b'821',b'jv9k'
b'822',b'8fja'
b'823',b'yme8'
b'824',b'bt4a'
b'825',b'yj7r'
b'826',b'ptnd'
b'827',b'e8zw'
b'828',b'z37j'
b'829',b'n6x8'
b'830',b'hn6r'
b'831',b'8nat'
b'832',b'wmek'
b'833',b'e98t'
b'834',b'fehn'
b'835',b'hv3m'
b'836',b'fj7z'
b'837',b'xn82'
b'838',b'9umh'
b'839',b'94ey'
b'840',b'2k68'
b'841',b'jzw7'
b'842',b'yek4'
b'843',b'bfm9'
b'844',b'pz7a'
b'845',b'uwpn'
b'846',b'2bud'
b'847',b'9rv6'
b'848',b'bhdf'
b'849',b'n7ey'
b'850',b'2wrh'
b'851',b'nvar'
b'852',b'zveb'
b'853',b'bz94'
b'854',b'4k8y'
b'855',b'6y9w'
b'856',b'navb'
b'857',b'at8u'
b'858',b'z7r6'
b'859',b'dt72'
b'860',b'3fj9'
b'861',b'arye'
b'862',b'4hp7'
b'863',b'athx'
b'864',b'k62r'
b'865',b'njw7'
b'866',b'4bkv'
b'867',b'38wb'
b'868',b'e8p2'
b'869',b'd67v'
b'870',b'b7pw'
b'871',b'rne4'
b'872',b'znrb'
b'873',b'urjv'
b'874',b'82kb'
b'875',b'njmr'
b'876',b'f9kj'
b'877',b'3fha'
b'878',b'rxdv'
b'879',b'yjew'
b'880',b'jy8u'
b'881',b'nf8d'
b'882',b'dp36'
b'883',b'ha4f'
b'884',b'm46p'
b'885',b'we4j'
b'886',b'4tkb'
b'887',b'74bz'
b'888',b'at4h'
b'889',b'k9br'
b'890',b'432r'
b'891',b'xw8j'
b'892',b'xh87'
b'893',b'm6z8'
b'894',b'btz4'
b'895',b'ufbk'
b'896',b'ua7b'
b'897',b'j6kt'
b'898',b'9tha'
b'899',b'8zvy'
b'900',b'2ezw'
b'901',b'2w36'
b'902',b'xnfm'
b'903',b'et89'
b'904',b'zrvy'
b'905',b'k6au'
b'906',b'wmb8'
b'907',b'4r3d'
b'908',b'wm78'
b'909',b'e7jp'
b'910',b'n74r'
b'911',b'8re6'
b'912',b'hnkt'
b'913',b'ja3h'
b'914',b'dve6'
b'915',b'4fym'
b'916',b'ktzp'
b'917',b'yjdt'
b'918',b'u3tm'
b'919',b'629j'
b'920',b'm2xr'
b'921',b'rx62'
b'922',b'38jh'
b'923',b'ndh9'
b'924',b'dnzy'
b'925',b'zj4u'
b'926',b'rw4x'
b'927',b'9pjw'
b'928',b'zde8'
b'929',b'mhb2'
b'930',b'zvf2'
b'931',b'wjku'
b'932',b'2ubw'
b'933',b'xeaf'
b'934',b'43h2'
b'935',b'7ntj'
b'936',b'rx6e'
b'937',b'ay4b'
b'938',b'upaz'
b'939',b'2nxb'
b'940',b'wybm'
b'941',b'vre2'
b'942',b'ke7w'
b'943',b'xhy4'
b'944',b'hk4p'
b'945',b'atfu'
b'946',b'ezrf'
b'947',b'mwvz'
b'948',b'zwj6'
b'949',b'y6nf'
b'950',b'erjk'
b'951',b'y7fu'
b'952',b'vm4h'
b'953',b'6v42'
b'954',b'273d'
b'955',b'f8zd'
b'956',b'akw8'
b'957',b'hzxr'
b'958',b'6kmy'
b'959',b'nazu'
b'960',b'4w2z'
b'961',b'e7mb'
b'962',b'mw9x'
b'963',b'fbth'
b'964',b'upd7'
b'965',b'e4zh'
b'966',b'kpdf'
b'967',b'a84n'
b'968',b'2m46'
b'969',b'ydht'
b'970',b'udx2'
b'971',b'b4rk'
b'972',b'z4wh'
b'973',b'myjd'
b'974',b'hpna'
b'975',b'mb7w'
b'976',b'tpnv'
b'977',b'rpfw'
b'978',b'eyxj'
b'979',b'ryv3'
b'980',b't26x'
b'981',b'wnr8'
b'982',b'ry2z'
b'983',b'pke6'
b'984',b'xtfz'
b'985',b'ruhm'
b'986',b'82vp'
b'987',b'kubd'
b'988',b'3yz2'
b'989',b'6hp2'
b'990',b'27xz'
b'991',b'w98a'
b'992',b'76n2'
b'993',b'83p9'
b'994',b'fydz'
b'995',b'8tp4'
b'996',b'69dt'
b'997',b'8txv'
b'998',b'pdfb'
b'999',b'4nt3'
b'1000',b'v6za'
b'1001',b'4tze'
b'1002',b'uj4b'
b'1003',b'6uxf'
b'1004',b'h3k6'
b'1005',b'e8xr'
b'1006',b'36f4'
b'1007',b'f6eb'
b'1008',b'vzhw'
b'1009',b'w3h6'
b'1010',b'4tak'
b'1011',b'6twe'
b'1012',b'wfap'
b'1013',b'mzb6'
b'1014',b'pd9j'
b'1015',b'9vux'
b'1016',b'k43b'
b'1017',b'w2fu'
b'1018',b'9p73'
b'1019',b'aft4'
b'1020',b'x8b6'
b'1021',b'jah6'
b'1022',b'82ne'
b'1023',b'evjh'
b'1024',b'hzyp'
b'1025',b'32yj'
b'1026',b'4f6b'
b'1027',b'mw2v'
b'1028',b'hk3p'
b'1029',b'kt6y'
b'1030',b'jp3t'
b'1031',b'6vnb'
b'1032',b'4kyu'
b'1033',b'refz'
b'1034',b'6mbz'
b'1035',b'26me'
b'1036',b'y6z9'
b'1037',b'6a9u'
b'1038',b'a629'
b'1039',b'2hvw'
b'1040',b'nv34'
b'1041',b'bmdf'
b'1042',b'paz6'
b'1043',b'h4b9'
b'1044',b'kdva'
b'1045',b'wy89'
b'1046',b'rey8'
b'1047',b'hk9f'
b'1048',b'v64r'
b'1049',b'a3wu'
b'1050',b'wey3'
b'1051',b'hx63'
b'1052',b'wftd'
b'1053',b'pry3'
b'1054',b'v6jp'
b'1055',b'nz3b'
b'1056',b'v8uh'
b'1057',b'8mpj'
b'1058',b'fuvm'
b'1059',b'pdzx'
b'1060',b'e3yh'
b'1061',b'7zja'
b'1062',b'zp9t'
b'1063',b'andj'
b'1064',b'dvfu'
b'1065',b'xvzw'
b'1066',b'j2xt'
b'1067',b'nxzr'
b'1068',b'b6x2'
b'1069',b't6yb'
b'1070',b'azkt'
b'1071',b'wx2p'
b'1072',b'fj47'
b'1073',b'kwht'
b'1074',b'm6pv'
b'1075',b'awze'
b'1076',b'd264'
b'1077',b'n4et'
b'1078',b'j3wm'
b'1079',b'k3mv'
b'1080',b'wf9n'
b'1081',b'79hz'
b'1082',b'4j7k'
b'1083',b'2wjm'
b'1084',b'hxtb'
b'1085',b'x84k'
b'1086',b'rb2n'
b'1087',b'rh8d'
b'1088',b'z67u'
b'1089',b'r2b3'
b'1090',b'6n7h'
b'1091',b'wrt6'
b'1092',b'fkvu'
b'1093',b'7nfp'
b'1094',b'kday'
b'1095',b'hm2a'
b'1096',b'8ayw'
b'1097',b'246f'
b'1098',b'h437'
b'1099',b'ej78'
b'1100',b'k4e2'
b'1101',b'k9xa'
b'1102',b'y7rw'
b'1103',b'67kx'
b'1104',b'z3hb'
b'1105',b'dp9t'
b'1106',b'f8he'
b'1107',b'jhzm'
b'1108',b'u6nz'
b'1109',b'fxnz'
b'1110',b'mzra'
b'1111',b'dane'
b'1112',b'p9uf'
b'1113',b'xkt6'
b'1114',b'hwpe'
b'1115',b'n7fd'
b'1116',b'x4nh'
b'1117',b'hd34'
b'1118',b'yfv8'
b'1119',b'vufj'
b'1120',b't26p'
b'1121',b'kn4z'
b'1122',b'7enw'
b'1123',b'd7w9'
b'1124',b'judw'
b'1125',b'9hf8'
b'1126',b'wudj'
b'1127',b'ak6j'
b'1128',b'ynm6'
b'1129',b'mzyk'
b'1130',b'zxy6'
b'1131',b'mv87'
b'1132',b'mf6v'
b'1133',b'kez3'
b'1134',b'8pu7'
b'1135',b'89tr'
b'1136',b'ud23'
b'1137',b'rfme'
b'1138',b'wv36'
b'1139',b'xvnr'
b'1140',b'bwrf'
b'1141',b'tvzw'
b'1142',b'bmpt'
b'1143',b'uan9'
b'1144',b'2edb'
b'1145',b'kf7x'
b'1146',b'e7z9'
b'1147',b'y9vr'
b'1148',b'rny3'
b'1149',b'djx2'
b'1150',b'y6hu'
b'1151',b'y9ae'
b'1152',b'pf7u'
b'1153',b'jvp6'
b'1154',b'wdtx'
b'1155',b'tz24'
b'1156',b'xtzr'
b'1157',b'f7ue'
b'1158',b'bj98'
b'1159',b'94v8'
b'1160',b'pbx7'
b'1161',b'76m2'
b'1162',b'bem8'
b'1163',b'eyrh'
b'1164',b'krn2'
b'1165',b'8yr4'
b'1166',b'8vbt'
b'1167',b'k8bm'
b'1168',b'r238'
b'1169',b'8n3z'
b'1170',b'dktx'
b'1171',b'kwtr'
b'1172',b'v3ea'
b'1173',b'z6jf'
b'1174',b'x6t8'
b'1175',b'pmzd'
b'1176',b'hpey'
b'1177',b'3eyv'
b'1178',b'adz7'
b'1179',b'8wm7'
b'1180',b'e9j3'
b'1181',b'8ak9'
b'1182',b'duz3'
b'1183',b'dyz3'
b'1184',b'h8mn'
b'1185',b'ap2e'
b'1186',b'tpez'
b'1187',b'4vzj'
b'1188',b'x9vj'
b'1189',b'f7m6'
b'1190',b'xatu'
b'1191',b'7mey'
b'1192',b'v8hr'
b'1193',b'68zy'
b'1194',b'9hzj'
b'1195',b'rxjn'
b'1196',b'neuk'
b'1197',b'xnyw'
b'1198',b'vnr7'
b'1199',b'3yzj'
b'1200',b'u6bt'
b'1201',b't3ze'
b'1202',b'ya49'
b'1203',b'7nk9'
b'1204',b't68r'
b'1205',b'jy9v'
b'1206',b'y8u9'
b'1207',b'mbyd'
b'1208',b'hkvd'
b'1209',b'k4y7'
b'1210',b'bnfx'
b'1211',b'vhmd'
b'1212',b'e92b'
b'1213',b'a78p'
b'1214',b'hr2a'
b'1215',b'3myz'
b'1216',b'kp8t'
b'1217',b'pw96'
b'1218',b'm98t'
b'1219',b'ryxh'
b'1220',b'bnhp'
b'1221',b'umrh'
b'1222',b'p6ft'
b'1223',b'd4kw'
b'1224',b'9teb'
b'1225',b'dmvz'
b'1226',b'urjf'
b'1227',b'zppk'
b'1228',b'6v2h'
b'1229',b'vwxu'
b'1230',b'rmh4'
b'1231',b'prtk'
b'1232',b'jx7n'
b'1233',b'4wed'
b'1234',b'u6mr'
b'1235',b'extm'
b'1236',b'z73m'
b'1237',b'nhkj'
b'1238',b'3xrt'
b'1239',b'tjaf'
b'1240',b'dtay'
b'1241',b'jbz4'
b'1242',b'ntx7'
b'1243',b'py2k'
b'1244',b'enta'
b'1245',b'vkzm'
b'1246',b'7ynd'
b'1247',b'uxpw'
b'1248',b'wh3u'
b'1249',b'kt2b'
b'1250',b'b2pk'
b'1251',b'kx7u'
b'1252',b'2z6d'
b'1253',b'znrf'
b'1254',b'9xu4'
b'1255',b'v3zm'
b'1256',b'hwkz'
b'1257',b'zj8r'
b'1258',b'64jn'
b'1259',b'49er'
b'1260',b'24f3'
b'1261',b'zw9f'
b'1262',b'xbud'
b'1263',b'8498'
b'1264',b'rj4a'
b'1265',b'tpfx'
b'1266',b'8t6n'
b'1267',b'hkjx'
b'1268',b'v64r'
b'1269',b'rfjn'
b'1270',b'9hnj'
b'1271',b'5ad5'
b'1272',b'nmrd'
b'1273',b'7je8'
b'1274',b'jpak'
b'1275',b'm23z'
b'1276',b'hz4x'
b'1277',b'8bx2'
b'1278',b'huat'
b'1279',b'myra'
b'1280',b'2jtk'
b'1281',b'8jbz'
b'1282',b'tm6x'
b'1283',b'wt9r'
b'1284',b'fe6a'
b'1285',b'9jwm'
b'1286',b'ukd2'
b'1287',b'u4pv'
b'1288',b'3ykz'
b'1289',b'9ha6'
b'1290',b'b3rh'
b'1291',b'kth9'
b'1292',b'x2dv'
b'1293',b'92pt'
b'1294',b'awkn'
b'1295',b'kxhv'
b'1296',b'bpf2'
b'1297',b'nmrp'
b'1298',b'7hx3'
b'1299',b'xh9b'
b'1300',b'8dvy'
b'1301',b'2vey'
b'1302',b'tp7h'
b'1303',b'7369'
b'1304',b'ebw4'
b'1305',b'jx76'
b'1306',b'w6un'
b'1307',b'fxmk'
b'1308',b'k473'
b'1309',b'4ke8'
b'1310',b'vueh'
b'1311',b'bpak'
b'1312',b'anu2'
b'1313',b'e9mu'
b'1314',b'67d3'
b'1315',b'etba'
b'1316',b'fxwy'
b'1317',b'kavj'
b'1318',b'hxjb'
b'1319',b'nyr9'
b'1320',b'r8nj'
b'1321',b'ybt2'
b'1322',b'9p6h'
b'1323',b'pvm8'
b'1324',b'2htw'
b'1325',b'k7hf'
b'1326',b'38bz'
b'1327',b'uz8j'
b'1328',b'wmp3'
b'1329',b'khbv'
b'1330',b'px74'
b'1331',b'eatz'
b'1332',b'pkna'
b'1333',b'zy28'
b'1334',b'frpx'
b'1335',b'mzxt'
b'1336',b'b96r'
b'1337',b'xpk4'
b'1338',b'j4h3'
b'1339',b'8vdt'
b'1340',b'h9m8'
b'1341',b'vyex'
b'1342',b'nf4p'
b'1343',b'a6w3'
b'1344',b'w8eh'
b'1345',b'ymd9'
b'1346',b'3t79'
b'1347',b'7vt9'
b'1348',b'7nex'
b'1349',b'b2wk'
b'1350',b'bv3y'
b'1351',b'8wr3'
b'1352',b'9vkm'
b'1353',b'pmft'
b'1354',b'r6nt'
b'1355',b'2t8f'
b'1356',b'npjd'
b'1357',b'ajfv'
b'1358',b'v9mx'
b'1359',b'2u6r'
b'1360',b'n4m6'
b'1361',b'zd6u'
b'1362',b'arhp'
b'1363',b'2d6k'
b'1364',b'r2hn'
b'1365',b'k3wy'
b'1366',b'n8y3'
b'1367',b'89b6'
b'1368',b'ewpz'
b'1369',b'pw87'
b'1370',b'jpuf'
b'1371',b'zpw3'
b'1372',b'px93'
b'1373',b'y8p9'
b'1374',b'k9jh'
b'1375',b'xz63'
b'1376',b'zjhr'
b'1377',b'mjrd'
b'1378',b'7zmx'
b'1379',b'n93z'
b'1380',b'mp2d'
b'1381',b'mrbu'
b'1382',b'kf8y'
b'1383',b'2kuv'
b'1384',b'rxfv'
b'1385',b'hw79'
b'1386',b'tfxk'
b'1387',b'7fta'
b'1388',b'xumd'
b'1389',b'hdkb'
b'1390',b'9zfb'
b'1391',b'3dne'
b'1392',b'r9bz'
b'1393',b'fjba'
b'1394',b'nfe7'
b'1395',b't6kw'
b'1396',b'3dzf'
b'1397',b'6e2n'
b'1398',b'hwek'
b'1399',b'9fuy'
b'1400',b'8yfx'
b'1401',b'6p43'
b'1402',b'f8e3'
b'1403',b'zm87'
b'1404',b'x6tf'
b'1405',b'2e9a'
b'1406',b'uj74'
b'1407',b'r49e'
b'1408',b't3a8'
b'1409',b'yxju'
b'1410',b'bmhj'
b'1411',b'7eap'
b'1412',b'wxtu'
b'1413',b'kfvy'
b'1414',b'h67m'
b'1415',b'kmn2'
b'1416',b'u4wb'
b'1417',b'd6yp'
b'1418',b'3r6v'
b'1419',b'ub7m'
b'1420',b'xupw'
b'1421',b'w6j7'
b'1422',b'dr2f'
b'1423',b'uvxt'
b'1424',b'ev7m'
b'1425',b'6fkh'
b'1426',b'6hzv'
b'1427',b'3mx4'
b'1428',b'b6mx'
b'1429',b'fmku'
b'1430',b'dfyp'
b'1431',b'baez'
b'1432',b'a2eb'
b'1433',b'b2kr'
b'1434',b'fjkh'
b'1435',b'e74a'
b'1436',b'nayx'
b'1437',b'4kw2'
b'1438',b'u27e'
b'1439',b'y9bk'
b'1440',b'pzbh'
b'1441',b'nbz8'
b'1442',b'8yez'
b'1443',b'hmj6'
b'1444',b'kanf'
b'1445',b'nwfb'
b'1446',b'ebud'
b'1447',b'wryz'
b'1448',b'6ajd'
b'1449',b'9jd3'
b'1450',b'h9y6'
b'1451',b'etex'
b'1452',b'6b68'
b'1453',b'a414'
b'1454',b'8vwj'
b'1455',b'jbae'
b'1456',b'hn4a'
b'1457',b'9dw3'
b'1458',b'4hb6'
b'1459',b'njzx'
b'1460',b'7z94'
b'1461',b'n49w'
b'1462',b'4et7'
b'1463',b'ah3p'
b'1464',b'fzwu'
b'1465',b'8zdu'
b'1466',b'6xtb'
b'1467',b'xarn'
b'1468',b'fpkr'
b'1469',b'72xh'
b'1470',b'nt68'
b'1471',b'6ny4'
b'1472',b'zp34'
b'1473',b'rbdh'
b'1474',b'dntv'
b'1475',b'eyxp'
b'1476',b'e380'
b'1477',b'ue6w'
b'1478',b'4jm2'
b'1479',b'pykj'
b'1480',b'k8je'
b'1481',b'n726'
b'1482',b'fz6a'
b'1483',b'4hyp'
b'1484',b'nepx'
b'1485',b'ptx3'
b'1486',b'jamr'
b'1487',b'uavh'
b'1488',b'x7f8'
b'1489',b'743f'
b'1490',b'6hfx'
b'1491',b'jrkd'
b'1492',b'ryhm'
b'1493',b'a3w6'
b'1494',b'z38b'
b'1495',b'3xb4'
b'1496',b'n9d2'
b'1497',b'bjdz'
b'1498',b'24tm'
b'1499',b'xtvy'
b'1500',b'ruj4'
b'1501',b'84ye'
b'1502',b'23ev'
b'1503',b'7zkm'
b'1504',b'nt2e'
b'1505',b'3f19'
b'1506',b'7zw9'
b'1507',b'tx9f'
b'1508',b'px8b'
b'1509',b'3tek'
b'1510',b'jhv7'
b'1511',b'vw6t'
b'1512',b'f4yr'
b'1513',b'fek3'
b'1514',b'avkx'
b'1515',b'f9er'
b'1516',b'xvzb'
b'1517',b'2mph'
b'1518',b'pkym'
b'1519',b'3879'
b'1520',b'b2pn'
b'1521',b'3ea6'
b'1522',b'e942'
b'1523',b'p7ja'
b'1524',b'tnw8'
b'1525',b'fu9p'
b'1526',b'xpkh'
b'1527',b'ap26'
b'1528',b'd63a'
b'1529',b'yh2f'
b'1530',b'vfx7'
b'1531',b'ra4y'
b'1532',b'k7am'
b'1533',b'rke4'
b'1534',b'87mb'
b'1535',b'yk3m'
b'1536',b'a3dm'
b'1537',b'8jtd'
b'1538',b'm4n7'
b'1539',b'mvk3'
b'1540',b'zbpy'
b'1541',b'fyv3'
b'1542',b'v8fk'
b'1543',b'bu4v'
b'1544',b'dhvu'
b'1545',b'97nr'
b'1546',b'4j8r'
b'1547',b'b4h7'
b'1548',b'ekbw'
b'1549',b'br3p'
b'1550',b'px3n'
b'1551',b'mwr9'
b'1552',b'p436'
b'1553',b'94xn'
b'1554',b'ea6n'
b'1555',b'z7hv'
b'1556',b'av4k'
b'1557',b'uj8d'
b'1558',b'py3x'
b'1559',b'uaje'
b'1560',b'39ph'
b'1561',b'p3rw'
b'1562',b'63tx'
b'1563',b'auz6'
b'1564',b'68yt'
b'1565',b'r6de'
b'1566',b'jf2u'
b'1567',b'yvu9'
b'1568',b'w3p8'
b'1569',b'wb38'
b'1570',b'23pf'
b'1571',b'na8b'
b'1572',b'xvjb'
b'1573',b'hybf'
b'1574',b'3b7t'
b'1575',b'38vy'
b'1576',b'jhdf'
b'1577',b'vpra'
b'1578',b'pw3y'
b'1579',b'zpn8'
b'1580',b'up7r'
b'1581',b'jm26'
b'1582',b'vj8n'
b'1583',b'372d'
b'1584',b'4zwj'
b'1585',b'kpz9'
b'1586',b'erwy'
b'1587',b'ybxz'
b'1588',b'kvwx'
b'1589',b'rx2b'
b'1590',b'd3bp'
b'1591',b'ha9e'
b'1592',b'avuy'
b'1593',b'r4ju'
b'1594',b'j2uf'
b'1595',b'denu'
b'1596',b'f2zp'
b'1597',b'thr2'
b'1598',b'tukj'
b'1599',b'kwjt'
b'1600',b'euw6'
b'1601',b'2d7m'
b'1602',b'v6ma'
b'1603',b'mw8e'
b'1604',b'n8uj'
b'1605',b'tj72'
b'1606',b'28xd'
b'1607',b'8bt3'
b'1608',b'hpam'
b'1609',b'4h6a'
b'1610',b'3em8'
b'1611',b'b3he'
b'1612',b'826e'
b'1613',b'hayp'
b'1614',b'v9nr'
b'1615',b'jt2p'
b'1616',b'af74'
b'1617',b'24ft'
b'1618',b'jtk4'
b'1619',b'e2a6'
b'1620',b'm6zf'
b'1621',b'7r8m'
b'1622',b'kra8'
b'1623',b'8avr'
b'1624',b'2hn3'
b'1625',b'umay'
b'1626',b'xf62'
b'1627',b'pab4'
b'1628',b'dwy6'
b'1629',b'ebx6'
b'1630',b'2umj'
b'1631',b'6je8'
b'1632',b'jt6b'
b'1633',b'rb4j'
b'1634',b'utp9'
b'1635',b'nwj6'
b'1636',b'86nj'
b'1637',b'rwpk'
b'1638',b'ebpd'
b'1639',b'expm'
b'1640',b've4f'
b'1641',b'wmvn'
b'1642',b'v8px'
b'1643',b'wm46'
b'1644',b'umbw'
b'1645',b'jv3u'
b'1646',b'hz2n'
b'1647',b'mf9p'
b'1648',b'puhr'
b'1649',b'wy7x'
b'1650',b'nhdt'
b'1651',b'xvtp'
b'1652',b'zu86'
b'1653',b'fyz8'
b'1654',b'f7yt'
b'1655',b'eb7a'
b'1656',b'mfhn'
b'1657',b'hrwv'
b'1658',b'wj67'
b'1659',b'e8nh'
b'1660',b'kp3w'
b'1661',b'eydu'
b'1662',b'8yj7'
b'1663',b'vjeh'
b'1664',b'mekn'
b'1665',b'kwxu'
b'1666',b't89r'
b'1667',b'dh6n'
b'1668',b'dex4'
b'1669',b'hve3'
b'1670',b'dn4v'
b'1671',b'64fw'
b'1672',b'mpv6'
b'1673',b'jyzp'
b'1674',b'83pk'
b'1675',b'3nyj'
b'1676',b'9twx'
b'1677',b'j9fx'
b'1678',b'zr63'
b'1679',b'xwv2'
b'1680',b'wxpd'
b'1681',b'bwmp'
b'1682',b'umyb'
b'1683',b'rdhf'
b'1684',b'e9xu'
b'1685',b'nx3p'
b'1686',b'd6tj'
b'1687',b'8zyf'
b'1688',b'8pd2'
b'1689',b'v96u'
b'1690',b'unt6'
b'1691',b'vuwh'
b'1692',b'tzv9'
b'1693',b'8af3'
b'1694',b'vdmb'
b'1695',b'y7td'
b'1696',b'ampb'
b'1697',b'7eru'
b'1698',b'7xyk'
b'1699',b'xb7e'
b'1700',b'pjf3'
b'1701',b'xb8y'
b'1702',b'7ymn'
b'1703',b'u9fy'
b'1704',b'vke9'
b'1705',b'9hv7'
b'1706',b'he9f'
b'1707',b'z4p6'
b'1708',b'mjyf'
b'1709',b'6evz'
b'1710',b'hd2j'
b'1711',b'tpe8'
b'1712',b'7fda'
b'1713',b'4a93'
b'1714',b'knr9'
b'1715',b'dbuy'
b'1716',b'379h'
b'1717',b'ubar'
b'1718',b'p9fd'
b'1719',b'kev9'
b'1720',b'jha4'
b'1721',b'9hx3'
b'1722',b'7hm6'
b'1723',b'j3zv'
b'1724',b'kfem'
b'1725',b'w4ed'
b'1726',b'ry38'
b'1727',b'4tvb'
b'1728',b'8ruz'
b'1729',b'hdwf'
b'1730',b'fuvn'
b'1731',b'hpx9'
b'1732',b'xz7m'
b'1733',b'd6nt'
b'1734',b't8x2'
b'1735',b'82p3'
b'1736',b'dbyf'
b'1737',b'zynt'
b'1738',b'e9wf'
b'1739',b'dv3j'
b'1740',b'fmb3'
b'1741',b'69fp'
b'1742',b'bm4e'
b'1743',b'ux6a'
b'1744',b'ybpz'
b'1745',b'eymh'
b'1746',b'2t8r'
b'1747',b'7x84'
b'1748',b'vrex'
b'1749',b't86d'
b'1750',b'6a7v'
b'1751',b'z9bk'
b'1752',b'hxkb'
b'1753',b'2ef4'
b'1754',b'3dyp'
b'1755',b'nprd'
b'1756',b'2rtk'
b'1757',b'jxa8'
b'1758',b'hwtb'
b'1759',b'bxf7'
b'1760',b'mbkh'
b'1761',b'wmd3'
b'1762',b'yjxk'
b'1763',b'azyb'
b'1764',b'rne9'
b'1765',b'uz6j'
b'1766',b'j3cd'
b'1767',b'd2f6'
b'1768',b'yn7h'
b'1769',b'fvnb'
b'1770',b'etzh'
b'1771',b'w37y'
b'1772',b'7y9z'
b'1773',b'jm3h'
b'1774',b'72y8'
b'1775',b'jk78'
b'1776',b'zwba'
b'1777',b'fvjp'
b'1778',b'jftn'
b'1779',b'xpam'
b'1780',b'6y9p'
b'1781',b'ynuk'
b'1782',b'nbph'
b'1783',b'r9xa'
b'1784',b'xb4n'
b'1785',b'fvd6'
b'1786',b'9ydv'
b'1787',b'6p79'
b'1788',b'6f4j'
b'1789',b'3h2b'
b'1790',b'xv4r'
b'1791',b'xth6'
b'1792',b'zuae'
b'1793',b'8hze'
b'1794',b'96mv'
b'1795',b'yw8b'
b'1796',b'j7zd'
b'1797',b'68av'
b'1798',b'avr4'
b'1799',b'3kpz'
b'1800',b'bvk6'
b'1801',b'3bek'
b'1802',b'yhan'
b'1803',b'4ynd'
b'1804',b'79e2'
b'1805',b'jek3'
b'1806',b'n4bt'
b'1807',b'93xt'
b'1808',b'pjz2'
b'1809',b'kzhn'
b'1810',b'2p36'
b'1811',b'3zf2'
b'1812',b'atxy'
b'1813',b'yw7e'
b'1814',b't2ne'
b'1815',b'b4dh'
b'1816',b'f7zp'
b'1817',b'p4mk'
b'1818',b'dbz3'
b'1819',b'tkdu'
b'1820',b'9n7z'
b'1821',b'jbx2'
b'1822',b'fan9'
b'1823',b'jv6w'
b'1824',b't2dw'
b'1825',b'yxa9'
b'1826',b'kenf'
b'1827',b'var7'
b'1828',b'me8x'
b'1829',b'kd37'
b'1830',b'd2p4'
b'1831',b'e4f6'
b'1832',b'326b'
b'1833',b'3v4n'
b'1834',b'a74y'
b'1835',b'x937'
b'1836',b'hdy7'
b'1837',b'z8yx'
b'1838',b'2dye'
b'1839',b'd6v7'
b'1840',b'd97k'
b'1841',b'yjpz'
b'1842',b'znra'
b'1843',b'yzhp'
b'1844',b'8zjd'
b'1845',b'njry'
b'1846',b'zxe6'
b'1847',b'xu8h'
b'1848',b'ydkr'
b'1849',b'kw3b'
b'1850',b'xtyz'
b'1851',b'updv'
b'1852',b'248w'
b'1853',b'ud97'
b'1854',b'8kzh'
b'1855',b'v7d3'
b'1856',b'dapu'
b'1857',b'7ktj'
b'1858',b'mdav'
b'1859',b'89fj'
b'1860',b'jhmv'
b'1861',b'2uex'
b'1862',b'pm3n'
b'1863',b'f2xd'
b'1864',b'yb7w'
b'1865',b'74pv'
b'1866',b'tnpe'
b'1867',b'm7e8'
b'1868',b'frja'
b'1869',b'h86v'
b'1870',b'zdrh'
b'1871',b'9kf2'
b'1872',b'bkmy'
b'1873',b'9jxb'
b'1874',b'bjf3'
b'1875',b'6a4j'
b'1876',b'n4z7'
b'1877',b'3bdh'
b'1878',b'9nue'
b'1879',b'62w9'
b'1880',b'aext'
b'1881',b'2xwu'
b'1882',b'7pb2'
b'1883',b'9ku2'
b'1884',b'njmr'
b'1885',b'h83t'
b'1886',b'be7h'
b'1887',b'd8nu'
b'1888',b't8ha'
b'1889',b'rmj4'
b'1890',b'abt8'
b'1891',b'98x7'
b'1892',b'hb34'
b'1893',b'rt29'
b'1894',b'wyne'
b'1895',b'mw7n'
b'1896',b'x2ad'
b'1897',b'4jrx'
b'1898',b'ra3j'
b'1899',b'bw24'
b'1900',b'zhe6'
b'1901',b'zwmh'
b'1902',b'8kbe'
b'1903',b'2hr7'
b'1904',b'9t2n'
b'1905',b'k29w'
b'1906',b'n9tk'
b'1907',b'tn2m'
b'1908',b'frvu'
b'1909',b'nwbh'
b'1910',b'hjeu'
b'1911',b'njpa'
b'1912',b'vwdz'
b'1913',b'7t9r'
b'1914',b'xk4y'
b'1915',b'h4vb'
b'1916',b'k4ye'
b'1917',b'bav4'
b'1918',b'jy2e'
b'1919',b'm2ez'
b'1920',b'trwk'
b'1921',b'kjzb'
b'1922',b'469d'
b'1923',b'n4mt'
b'1924',b'f3e2'
b'1925',b'7mpe'
b'1926',b'95af'
b'1927',b'v4mp'
b'1928',b'9np6'
b'1929',b'juke'
b'1930',b'y364'
b'1931',b'2mha'
b'1932',b'mvnt'
b'1933',b'32vb'
b'1934',b'43t2'
b'1935',b'9e34'
b'1936',b'pru3'
b'1937',b'8yab'
b'1938',b'v7zt'
b'1939',b'7uae'
b'1940',b'eapw'
b'1941',b'uka2'
b'1942',b'jbf3'
b'1943',b'derj'
b'1944',b'6vyl'
b'1945',b'46k9'
b'1946',b'w3hx'
b'1947',b'w8ua'
b'1948',b'we6b'
b'1949',b'mu92'
b'1950',b'2er4'
b'1951',b'rtzv'
b'1952',b'vr92'
b'1953',b'bkp8'
b'1954',b'7n4k'
b'1955',b'rzex'
b'1956',b'96vm'
b'1957',b'hwyt'
b'1958',b'prdf'
b'1959',b'2whp'
b'1960',b'pr3v'
b'1961',b'vemf'
b'1962',b'y8ap'
b'1963',b'7xun'
b'1964',b'ym6h'
b'1965',b'b64m'
b'1966',b'bnwe'
b'1967',b'h3xr'
b'1968',b'rfvj'
b'1969',b'vyha'
b'1970',b'4a7z'
b'1971',b've3u'
b'1972',b'ewu6'
b'1973',b'd8my'
b'1974',b'x4pw'
b'1975',b'2atw'
b'1976',b'ru9w'
b'1977',b'4xfk'
b'1978',b'a6un'
b'1979',b'jbh4'
b'1980',b'b8jt'
b'1981',b'r3en'
b'1982',b'zuvy'
b'1983',b'4fn2'
b'1984',b'y9dn'
b'1985',b'221f'
b'1986',b'mw7z'
b'1987',b'3m7a'
b'1988',b'a3z7'
b'1989',b'6meh'
b'1990',b'h63r'
b'1991',b'vy96'
b'1992',b'j843'
b'1993',b'fyur'
b'1994',b'w8je'
b'1995',b'k64n'
b'1996',b'9w74'
b'1997',b'd364'
b'1998',b'h3pu'
b'1999',b'a8j4'
b'2000',b'wxpm'
b'2001',b'z4ux'
b'2002',b't6wr'
b'2003',b'e349'
b'2004',b'y8ub'
b'2005',b'x674'
b'2006',b'89tx'
b'2007',b'4xu7'
b'2008',b'n96d'
b'2009',b'hny7'
b'2010',b'v7nk'
b'2011',b'udhp'
b'2012',b'fdxh'
b'2013',b'62ez'
b'2014',b'x897'
b'2015',b'j9e4'
b'2016',b'pu3f'
b'2017',b'btxh'
b'2018',b'2rkn'
b'2019',b'bf7a'
b'2020',b'vf4j'
b'2021',b'f8e2'
b'2022',b'my2u'
b'2023',b'un4d'
b'2024',b'uv3j'
b'2025',b'xjh6'
b'2026',b'y6hj'
b'2027',b'9fmz'
b'2028',b'x9b6'
b'2029',b'2j74'
b'2030',b'6ht4'
b'2031',b'hvfa'
b'2032',b'ymhp'
b'2033',b'6b83'
b'2034',b'9j4k'
b'2035',b'azvx'
b'2036',b'6atk'
b'2037',b'vj7z'
b'2038',b'xn2h'
b'2039',b'84bv'
b'2040',b'y43e'
b'2041',b'pb7u'
b'2042',b'u3jf'
b'2043',b'2uxy'
b'2044',b'b9kt'
b'2045',b'vbdz'
b'2046',b'eupa'
b'2047',b'jedp'
b'2048',b'h8fp'
b'2049',b'e3bt'
b'2050',b'nm96'
b'2051',b'e4kv'
b'2052',b'kx37'
b'2053',b'7wm4'
b'2054',b'a8vm'
b'2055',b'3f7y'
b'2056',b'p6z7'
b'2057',b'2fj7'
b'2058',b'xuv9'
b'2059',b'wjmt'
b'2060',b'h2eb'
b'2061',b'kajn'
b'2062',b'jyn3'
b'2063',b'eha7'
b'2064',b'azjb'
b'2065',b'9jdf'
b'2066',b'jaye'
b'2067',b'bhvt'
b'2068',b'f4vx'
b'2069',b'3f72'
b'2070',b'dekv'
b'2071',b'emyw'
b'2072',b'mk3r'
b'2073',b'wkz4'
b'2074',b'r7kf'
b'2075',b'67xj'
b'2076',b'eku3'
b'2077',b'96fa'
b'2078',b'p4r3'
b'2079',b'y97x'
b'2080',b'38zh'
b'2081',b'7h2b'
b'2082',b'wfvz'
b'2083',b'rvpy'
b'2084',b'mvta'
b'2085',b'k7dv'
b'2086',b'xau3'
b'2087',b'z9pr'
b'2088',b'6fz2'
b'2089',b'vrea'
b'2090',b'e2vt'
b'2091',b'zy4h'
b'2092',b'4pn2'
b'2093',b'ybzt'
b'2094',b'pr84'
b'2095',b'48b3'
b'2096',b'dajv'
b'2097',b'uxwa'
b'2098',b'femw'
b'2099',b'84f6'
b'2100',b'ynk8'
b'2101',b'pn23'
b'2102',b'zh8d'
b'2103',b'42ra'
b'2104',b'eb83'
b'2105',b'3jzb'
b'2106',b'y924'
b'2107',b'tk34'
b'2108',b'dk34'
b'2109',b'jwbv'
b'2110',b'f3pd'
b'2111',b'ty9z'
b'2112',b'x2bm'
b'2113',b'e384'
b'2114',b'vh3m'
b'2115',b'9m7t'
b'2116',b'y4ud'
b'2117',b'nm82'
b'2118',b'3r9e'
b'2119',b'6uev'
b'2120',b'p8v4'
b'2121',b'k4j8'
b'2122',b'wxnj'
b'2123',b'mu74'
b'2124',b'tdpn'
b'2125',b'e96f'
b'2126',b'3w4u'
b'2127',b'wym4'
b'2128',b'2vb6'
b'2129',b'yfkx'
b'2130',b'6h7p'
b'2131',b'ek7r'
b'2132',b'pu46'
b'2133',b'fa2j'
b'2134',b'edkx'
b'2135',b'vmhx'
b'2136',b'h62v'
b'2137',b'h6bm'
b'2138',b'p2bk'
b'2139',b'9pr6'
b'2140',b'fnt2'
b'2141',b'whap'
b'2142',b'mefb'
b'2143',b'k84b'
b'2144',b'ahzm'
b'2145',b'pz6h'
b'2146',b'dwtz'
b'2147',b'xp2a'
b'2148',b'yub4'
b'2149',b'arhd'
b'2150',b'armw'
b'2151',b'byzu'
b'2152',b'mbw4'
b'2153',b'd2et'
b'2154',b'v6nu'
b'2155',b'2jfu'
b'2156',b'me6n'
b'2157',b'xtzh'
b'2158',b'3jd8'
b'2159',b'8tf4'
b'2160',b'zekr'
b'2161',b'yz7r'
b'2162',b'hyjp'
b'2163',b'd392'
b'2164',b'zh28'
b'2165',b'2xnp'
b'2166',b'vyra'
b'2167',b'dxzu'
b'2168',b'pxkf'
b'2169',b'nkwe'
b'2170',b'8ewv'
b'2171',b'y8ma'
b'2172',b'zhbe'
b'2173',b'rad7'
b'2174',b'zftv'
b'2175',b'aut4'
b'2176',b'3t6x'
b'2177',b'4ydf'
b'2178',b'h7e2'
b'2179',b'tw9x'
b'2180',b'pjbv'
b'2181',b'2zxv'
b'2182',b'vzdp'
b'2183',b'yb9j'
b'2184',b'kb2y'
b'2185',b'efny'
b'2186',b'pkzw'
b'2187',b'zpyn'
b'2188',b'z9j3'
b'2189',b'd7r4'
b'2190',b'fpaz'
b'2191',b'rhv4'
b'2192',b'yea2'
b'2193',b'2v9x'
b'2194',b'unkp'
b'2195',b'p3fu'
b'2196',b'3vdy'
b'2197',b'4exb'
b'2198',b'u7ep'
b'2199',b'y94p'
b'2200',b'z783'
b'2201',b'wmxt'
b'2202',b'ybk6'
b'2203',b'jpvy'
b'2204',b'npty'
b'2205',b'v4tp'
b'2206',b'py6m'
b'2207',b'tabp'
b'2208',b'm6kf'
b'2209',b'xr9e'
b'2210',b'vybz'
b'2211',b'nt48'
b'2212',b'x3tn'
b'2213',b'rpv9'
b'2214',b'wft7'
b'2215',b'97r6'
b'2216',b'6rth'
b'2217',b'ewkv'
b'2218',b'b2em'
b'2219',b'byhr'
b'2220',b'yzpx'
b'2221',b'tka3'
b'2222',b'7f9j'
b'2223',b'kt6p'
b'2224',b'j7pn'
b'2225',b'k7t4'
b'2226',b'tk3w'
b'2227',b'tewf'
b'2228',b'uzxn'
b'2229',b'6928'
b'2230',b'ke4j'
b'2231',b'nkve'
b'2232',b'926b'
b'2233',b'n68r'
b'2234',b'2yap'
b'2235',b'67nr'
b'2236',b'nrku'
b'2237',b'8kj4'
b'2238',b'7htw'
b'2239',b'uvyz'
b'2240',b'f2wk'
b'2241',b'pa9n'
b'2242',b'69d2'
b'2243',b'73r9'
b'2244',b'6tak'
b'2245',b'6zvj'
b'2246',b'6rvm'
b'2247',b'nwe7'
b'2248',b'f7yw'
b'2249',b'8r74'
b'2250',b'2f7d'
b'2251',b'wf8j'
b'2252',b'v37h'
b'2253',b'hkyv'
b'2254',b'hbtk'
b'2255',b'r4mp'
b'2256',b'vud9'
b'2257',b'juxw'
b'2258',b'6p7z'
b'2259',b'ut6z'
b'2260',b'e8up'
b'2261',b'86xj'
b'2262',b'4nam'
b'2263',b'd3rb'
b'2264',b'yexm'
b'2265',b'j6y3'
b'2266',b'8bpj'
b'2267',b'2vwh'
b'2268',b'h4jp'
b'2269',b'zmye'
b'2270',b'rx7k'
b'2271',b'6jfy'
b'2272',b'afnh'
b'2273',b'ztdu'
b'2274',b'b72z'
b'2275',b'f9rm'
b'2276',b'b9pf'
b'2277',b'j9dn'
b'2278',b'9p8u'
b'2279',b'r2bz'
b'2280',b'm264'
b'2281',b'mufk'
b'2282',b'y8mt'
b'2283',b'tema'
b'2284',b'kzjv'
b'2285',b'aw9f'
b'2286',b'jyaz'
b'2287',b'7du8'
b'2288',b'ypf4'
b'2289',b'xtw6'
b'2290',b'jn74'
b'2291',b'tbfk'
b'2292',b'23nh'
b'2293',b'pyru'
b'2294',b'kerw'
b'2295',b'mutx'
b'2296',b'trjf'
b'2297',b'p69k'
b'2298',b'tabp'
b'2299',b'v2np'
b'2300',b'u3ar'
b'2301',b'e68p'
b'2302',b'xwhj'
b'2303',b'v8nk'
b'2304',b'yhyr'
b'2305',b'rpz4'
b'2306',b'97r2'
b'2307',b'd83j'
b'2308',b'rpvh'
b'2309',b'673h'
b'2310',b'rf3h'
b'2311',b'xv7k'
b'2312',b'4nr3'
b'2313',b'ptdn'
b'2314',b'6eyn'
b'2315',b'6p2u'
b'2316',b'patz'
b'2317',b'3wdx'
b'2318',b'bey9'
b'2319',b'3u4z'
b'2320',b'8a9j'
b'2321',b'pz3a'
b'2322',b'79xv'
b'2323',b'zkxw'
b'2324',b'vrky'
b'2325',b'rwjp'
b'2326',b'mjw4'
b'2327',b'6hmd'
b'2328',b'u9wk'
b'2329',b'49zm'
b'2330',b'pmxa'
b'2331',b'ty4b'
b'2332',b'6r4h'
b'2333',b'rf8x'
b'2334',b'w4v7'
b'2335',b'3mfn'
b'2336',b'8f2d'
b'2337',b'78np'
b'2338',b'72ed'
b'2339',b'pwzd'
b'2340',b'8fm9'
b'2341',b'uzrp'
b'2342',b'uxtj'
b'2343',b'kznv'
b'2344',b'veuw'
b'2345',b'pwhm'
b'2346',b'b84a'
b'2347',b'rywa'
b'2348',b'rwxk'
b'2349',b'eazp'
b'2350',b'3fvu'
b'2351',b'jwvm'
b'2352',b'uh4j'
b'2353',b'afmt'
b'2354',b'wrub'
b'2355',b'x4ut'
b'2356',b'4xwf'
b'2357',b'7umh'
b'2358',b'z4ha'
b'2359',b'vtrf'
b'2360',b'ju2z'
b'2361',b'4eyn'
b'2362',b'4ujt'
b'2363',b'p7hd'
b'2364',b'bvk2'
b'2365',b'3rv7'
b'2366',b'2r9f'
b'2367',b'mvk6'
b'2368',b'jtfw'
b'2369',b'wna2'
b'2370',b'b278'
b'2371',b'4khb'
b'2372',b'pa8f'
b'2373',b'pbf3'
b'2374',b'yt64'
b'2375',b'fw96'
b'2376',b'vhjn'
b'2377',b'd2bt'
b'2378',b'7fwz'
b'2379',b'yr7h'
b'2380',b'2a4x'
b'2381',b'xr4j'
b'2382',b'xnk9'
b'2383',b'69dw'
b'2384',b'ney6'
b'2385',b'nxhy'
b'2386',b'6dwe'
b'2387',b'2ebv'
b'2388',b'n9dp'
b'2389',b'vd2k'
b'2390',b'9wjx'
b'2391',b'79hn'
b'2392',b'289k'
b'2393',b'jxby'
b'2394',b'2evd'
b'2395',b'2f6y'
b'2396',b'kb8x'
b'2397',b'8v6e'
b'2398',b'nvwd'
b'2399',b'8dht'
b'2400',b'p6bf'
b'2401',b'b6wm'
b'2402',b'62kr'
b'2403',b'up26'
b'2404',b'e7zt'
b'2405',b'648p'
b'2406',b'vztw'
b'2407',b'ja64'
b'2408',b'ujd8'
b'2409',b'jyt7'
b'2410',b'nurh'
b'2411',b'z8tv'
b'2412',b'd47z'
b'2413',b'63kp'
b'2414',b'3pdu'
b'2415',b'kjrz'
b'2416',b'nkeb'
b'2417',b'fthw'
b'2418',b'taxh'
b'2419',b'47eb'
b'2420',b'4udf'
b'2421',b'ejfn'
b'2422',b'8vd2'
b'2423',b'xdrf'
b'2424',b'dmfj'
b'2425',b'm8b2'
b'2426',b'3b9k'
b'2427',b'3zb2'
b'2428',b'bnau'
b'2429',b'yvhu'
b'2430',b'e6yw'
b'2431',b'r6ke'
b'2432',b'3f94'
b'2433',b'zmn7'
b'2434',b'twkv'
b'2435',b'r3bn'
b'2436',b'e8y2'
b'2437',b'2be6'
b'2438',b'b9f8'
b'2439',b'p8kz'
b'2440',b'ukxd'
b'2441',b'9b2h'
b'2442',b'p9u6'
b'2443',b'2e84'
b'2444',b'83u4'
b'2445',b'9fxn'
b'2446',b'4ekr'
b'2447',b'kjf2'
b'2448',b'8rva'
b'2449',b'7p6y'
b'2450',b'zw6r'
b'2451',b'83dx'
b'2452',b'wrnf'
b'2453',b'kruy'
b'2454',b'jmb3'
b'2455',b'f2d7'
b'2456',b'73py'
b'2457',b'6veu'
b'2458',b'zxf6'
b'2459',b'hwj4'
b'2460',b'4mfa'
b'2461',b'd3jf'
b'2462',b'9a98'
b'2463',b'bhvp'
b'2464',b'f7ta'
b'2465',b'pm98'
b'2466',b'37vr'
b'2467',b'bp6w'
b'2468',b'ka4t'
b'2469',b'trv8'
b'2470',b'e6dv'
b'2471',b'9bvx'
b'2472',b'827t'
b'2473',b'z69b'
b'2474',b'w6xu'
b'2475',b'8v2z'
b'2476',b'nu2w'
b'2477',b'47zm'
b'2478',b'8ruf'
b'2479',b'3mdt'
b'2480',b'xbth'
b'2481',b'zhxu'
b'2482',b'mk3f'
b'2483',b'6zb2'
b'2484',b'd3hb'
b'2485',b'27h3'
b'2486',b'26xj'
b'2487',b'tape'
b'2488',b'mr4z'
b'2489',b'5yn3'
b'2490',b'wkz6'
b'2491',b'hnru'
b'2492',b'ae84'
b'2493',b'f4a6'
b'2494',b'taef'
b'2495',b'v3en'
b'2496',b'37ez'
b'2497',b'xfmu'
b'2498',b'wfvy'
b'2499',b'bk6n'
b'2500',b'73ve'
b'2501',b'zfu8'
b'2502',b'xrf3'
b'2503',b'7phd'
b'2504',b'y6vj'
b'2505',b'vnj9'
b'2506',b'rvde'
b'2507',b'a3wb'
b'2508',b'um74'
b'2509',b'89ev'
b'2510',b'u2fe'
b'2511',b'vd3h'
b'2512',b'dyen'
b'2513',b'm286'
b'2514',b'mk3y'
b'2515',b'6u92'
b'2516',b'wn2h'
b'2517',b'47f4'
b'2518',b'h3rd'
b'2519',b'3dtk'
b'2520',b'mhrz'
b'2521',b'y4e2'
b'2522',b'yf6k'
b'2523',b'mxku'
b'2524',b'2wxy'
b'2525',b'7xva'
b'2526',b'7teb'
b'2527',b'e7wd'
b'2528',b'mth7'
b'2529',b'74at'
b'2530',b'pk4n'
b'2531',b'7amr'
b'2532',b'ujmn'
b'2533',b'hktv'
b'2534',b'm38n'
b'2535',b'bfnh'
b'2536',b'kdzm'
b'2537',b'tp69'
b'2538',b'dkh9'
b'2539',b'32wd'
b'2540',b'3yxv'
b'2541',b'hjtz'
b'2542',b'uewk'
b'2543',b'92y6'
b'2544',b'7tvz'
b'2545',b'n67v'
b'2546',b'8wtx'
b'2547',b'8kre'
b'2548',b'k8e3'
b'2549',b'kbm3'
b'2550',b'aue3'
b'2551',b'rwb3'
b'2552',b'1ffc'
b'2553',b'7ezd'
b'2554',b'hzfd'
b'2555',b'pr4u'
b'2556',b'nfzm'
b'2557',b'epz9'
b'2558',b'zhjb'
b'2559',b'tw7p'
b'2560',b'f2mn'
b'2561',b'y72u'
b'2562',b'6uze'
b'2563',b'dfeb'
b'2564',b'2tb4'
b'2565',b'm4zn'
b'2566',b'xb2k'
b'2567',b'xdan'
b'2568',b'uf6r'
b'2569',b'd2fz'
b'2570',b'tnf9'
b'2571',b'vetp'
b'2572',b'pza8'
b'2573',b'47fx'
b'2574',b'uy2p'
b'2575',b'n8vm'
b'2576',b'6b8f'
b'2577',b'946e'
b'2578',b'tfzd'
b'2579',b'thwd'
b'2580',b'2uz6'
b'2581',b'jpfe'
b'2582',b'k3bn'
b'2583',b't2pk'
b'2584',b'z8yj'
b'2585',b'be9w'
b'2586',b'm2tb'
b'2587',b'fkjz'
b'2588',b't6df'
b'2589',b'2jr7'
b'2590',b'ph4n'
b'2591',b'3u2r'
b'2592',b'jftb'
b'2593',b'829p'
b'2594',b'mzbf'
b'2595',b'hwam'
b'2596',b'h6z9'
b'2597',b'amtk'
b'2598',b'hm7u'
b'2599',b'9kfb'
b'2600',b'k6x8'
b'2601',b'md7h'
b'2602',b'b243'
b'2603',b'7zfh'
b'2604',b'v3nj'
b'2605',b'yz23'
b'2606',b'j8nx'
b'2607',b'bdjh'
b'2608',b'3vzu'
b'2609',b'mzxh'
b'2610',b'pf9j'
b'2611',b'a9pj'
b'2612',b'v9nx'
b'2613',b'r4u7'
b'2614',b'tb8a'
b'2615',b'arbj'
b'2616',b'v3e7'
b'2617',b'r9kt'
b'2618',b'r94t'
b'2619',b'mkrt'
b'2620',b'w3k8'
b'2621',b'yexm'
b'2622',b'zpr3'
b'2623',b'3wz7'
b'2624',b'4fah'
b'2625',b'f8yb'
b'2626',b'ndvt'
b'2627',b'abeu'
b'2628',b'83tz'
b'2629',b'h3vt'
b'2630',b'xjfr'
b'2631',b'unyp'
b'2632',b'j3ap'
b'2633',b'6naj'
b'2634',b'ekhz'
b'2635',b'4bvd'
b'2636',b'j6xh'
b'2637',b'zetf'
b'2638',b'y9rt'
b'2639',b'ufze'
b'2640',b'4e26'
b'2641',b'mtze'
b'2642',b'3trj'
b'2643',b'aur9'
b'2644',b'ha9m'
b'2645',b'36zu'
b'2646',b'9uxb'
b'2647',b'38m2'
b'2648',b'7d94'
b'2649',b'783h'
b'2650',b'xba7'
b'2651',b'9euy'
b'2652',b'7yj6'
b'2653',b'b2wm'
b'2654',b'en24'
b'2655',b'v8xr'
b'2656',b'zbw7'
b'2657',b'pwej'
b'2658',b'p7md'
b'2659',b'm87p'
b'2660',b'dnb6'
b'2661',b'jzex'
b'2662',b'tn69'
b'2663',b'f64j'
b'2664',b'tr9w'
b'2665',b'jb3t'
b'2666',b'da89'
b'2667',b'd783'
b'2668',b'3kwu'
b'2669',b'7mbx'
b'2670',b'kftu'
b'2671',b'xrwd'
b'2672',b'm7yu'
b'2673',b'87uh'
b'2674',b'a3he'
b'2675',b'nb9m'
b'2676',b'my68'
b'2677',b'p3tk'
b'2678',b'heta'
b'2679',b'tyek'
b'2680',b'73mb'
b'2681',b'jukw'
b'2682',b'b4uh'
b'2683',b'3hjz'
b'2684',b'a49h'
b'2685',b'kpmn'
b'2686',b'34en'
b'2687',b'629k'
b'2688',b'vjdb'
b'2689',b'uf6m'
b'2690',b'ax2v'
b'2691',b'f9b8'
b'2692',b'3ewk'
b'2693',b'4dzv'
b'2694',b'v692'
b'2695',b'7jeh'
b'2696',b'73nh'
b'2697',b'hkvu'
b'2698',b'hma6'
b'2699',b'v4mj'
b'2700',b'79bz'
b'2701',b'2n3p'
b'2702',b'8b42'
b'2703',b'2rhm'
b'2704',b'we7z'
b'2705',b'ujxe'
b'2706',b'apv8'
b'2707',b'6xvh'
b'2708',b'jzba'
b'2709',b'7eu8'
b'2710',b'xyun'
b'2711',b'pdxv'
b'2712',b'njwf'
b'2713',b'mfkh'
b'2714',b'4jbk'
b'2715',b'2n73'
b'2716',b'4txz'
b'2717',b'wevx'
b'2718',b'tuad'
b'2719',b'yztf'
b'2720',b'v4pn'
b'2721',b'jv2z'
b'2722',b'24t6'
b'2723',b'7r9t'
b'2724',b'3ub8'
b'2725',b'en94'
b'2726',b'xfb6'
b'2727',b'yz7e'
b'2728',b'ah4k'
b'2729',b'bf2a'
b'2730',b'h69v'
b'2731',b'46e9'
b'2732',b'rpmy'
b'2733',b'7mwr'
b'2734',b'48v2'
b'2735',b'xan9'
b'2736',b't9yn'
b'2737',b'9uy2'
b'2738',b't236'
b'2739',b'mhp7'
b'2740',b'a3eh'
b'2741',b'9vhe'
b'2742',b'vm4t'
b'2743',b'2f6e'
b'2744',b'fbpv'
b'2745',b'9zhv'
b'2746',b'36br'
b'2747',b'rvyu'
b'2748',b'2d3y'
b'2749',b'ywp6'
b'2750',b'h829'
b'2751',b'u4e8'
b'2752',b'k7ej'
b'2753',b'r3ne'
b'2754',b'bak7'
b'2755',b'vj98'
b'2756',b'6c2e'
b'2757',b'rb3y'
b'2758',b'w9zm'
b'2759',b'wnz6'
b'2760',b'va38'
b'2761',b'64ta'
b'2762',b'yf2w'
b'2763',b'ud2h'
b'2764',b'epzh'
b'2765',b'jw97'
b'2766',b'x2mb'
b'2767',b'j9kt'
b'2768',b'7yne'
b'2769',b'ydtm'
b'2770',b'z4ux'
b'2771',b'9wm6'
b'2772',b'rk8w'
b'2773',b'n374'
b'2774',b'x7v4'
b'2775',b'k8ma'
b'2776',b'r3fu'
b'2777',b'hn82'
b'2778',b'vr38'
b'2779',b'nmd3'
b'2780',b'y9et'
b'2781',b'n49u'
b'2782',b'23vn'
b'2783',b'kjvh'
b'2784',b'wj9k'
b'2785',b'w4fy'
b'2786',b'pwma'
b'2787',b'4ed3'
b'2788',b'w4zd'
b'2789',b'dkuh'
b'2790',b'zwn3'
b'2791',b'98ta'
b'2792',b'ew8f'
b'2793',b'37ah'
b'2794',b'387p'
b'2795',b'kz9a'
b'2796',b'9pu2'
b'2797',b't8hp'
b'2798',b'y427'
b'2799',b'7wrm'
b'2800',b'z7me'
b'2801',b'mn2a'
b'2802',b'634w'
b'2803',b'aume'
b'2804',b'nbv7'
b'2805',b'bf7a'
b'2806',b'3xz6'
b'2807',b'4yd9'
b'2808',b'p7yh'
b'2809',b'h3tw'
b'2810',b'v8mw'
b'2811',b'puwb'
b'2812',b'6kma'
b'2813',b'hbrm'
b'2814',b'a9f7'
b'2815',b'u3ep'
b'2816',b'bj6r'
b'2817',b'hw9b'
b'2818',b'x94f'
b'2819',b'npvb'
b'2820',b'7jr3'
b'2821',b'md92'
b'2822',b't3jn'
b'2823',b'k9dt'
b'2824',b'7zkj'
b'2825',b'h2jf'
b'2826',b'7ahw'
b'2827',b'v2dx'
b'2828',b'xrwb'
b'2829',b'6kyx'
b'2830',b'2jau'
b'2831',b'bmjp'
b'2832',b'83wk'
b'2833',b'r4jp'
b'2834',b'fpxn'
b'2835',b'3hkv'
b'2836',b'3ejp'
b'2837',b'4zyu'
b'2838',b'v9b6'
b'2839',b'h6xu'
b'2840',b'n9ra'
b'2841',b'fxj2'
b'2842',b'4bpu'
b'2843',b'y2jw'
b'2844',b'rnwt'
b'2845',b'pu64'
b'2846',b'pk6r'
b'2847',b'mwzr'
b'2848',b'akv8'
b'2849',b'uhjr'
b'2850',b'pmkb'
b'2851',b'4phj'
b'2852',b'vdtu'
b'2853',b'r2hd'
b'2854',b'tabj'
b'2855',b'b3f2'
b'2856',b'jth2'
b'2857',b'ak4t'
b'2858',b'8zna'
b'2859',b'3b2h'
b'2860',b'a9ud'
b'2861',b'w29b'
b'2862',b'vubh'
b'2863',b'8wkf'
b'2864',b'w3ey'
b'2865',b'ept3'
b'2866',b'xf84'
b'2867',b'69ht'
b'2868',b'xbr7'
b'2869',b'7puv'
b'2870',b'yh9d'
b'2871',b'aewy'
b'2872',b'wrmj'
b'2873',b'fhbt'
b'2874',b'ad9f'
b'2875',b'wtjy'
b'2876',b'ena3'
b'2877',b'94ah'
b'2878',b'fnte'
b'2879',b'6mj2'
b'2880',b'fwm2'
b'2881',b'jrz8'
b'2882',b'dtjf'
b'2883',b'z9h2'
b'2884',b'rypw'
b'2885',b'z8vt'
b'2886',b'jypm'
b'2887',b'fxe3'
b'2888',b'ux8j'
b'2889',b'za2n'
b'2890',b'fz4m'
b'2891',b'7ek2'
b'2892',b'jw46'
b'2893',b'zbnu'
b'2894',b'74ne'
b'2895',b'uf4a'
b'2896',b'29tn'
b'2897',b'hbp7'
b'2898',b'jnuz'
b'2899',b'hpjv'
b'2900',b'2tj8'
b'2901',b'jw3b'
b'2902',b'htna'
b'2903',b'fub2'
b'2904',b'd4u7'
b'2905',b'8hf9'
b'2906',b'ru8n'
b'2907',b'yub7'
b'2908',b'nyxu'
b'2909',b'nx67'
b'2910',b'hakn'
b'2911',b'mv73'
b'2912',b'jmhv'
b'2913',b'pm4t'
b'2914',b'nt4z'
b'2915',b'badp'
b'2916',b'37zd'
b'2917',b'n2ja'
b'2918',b'jv7h'
b'2919',b'nrzy'
b'2920',b'9ykh'
b'2921',b'8jmt'
b'2922',b'6fhw'
b'2923',b'w4bz'
b'2924',b'tdnp'
b'2925',b'akb8'
b'2926',b'8d4k'
b'2927',b'nbvw'
b'2928',b'buzx'
b'2929',b'dkwe'
b'2930',b'dw96'
b'2931',b'9z2w'
b'2932',b'9yf6'
b'2933',b't47h'
b'2934',b'huey'
b'2935',b'u26w'
b'2936',b't2hj'
b'2937',b'6a72'
b'2938',b'8n76'
b'2939',b'b7we'
b'2940',b'drpt'
b'2941',b'upwf'
b'2942',b'ejfn'
b'2943',b'eknj'
b'2944',b'ta7b'
b'2945',b'tjdp'
b'2946',b'3m9h'
b'2947',b'6umx'
b'2948',b'epm4'
b'2949',b'bpnf'
b'2950',b'fdh8'
b'2951',b'wt8n'
b'2952',b'mz47'
b'2953',b'r3dk'
b'2954',b'y9na'
b'2955',b'e73p'
b'2956',b'9dmj'
b'2957',b'ankt'
b'2958',b'rkw7'
b'2959',b'wa6j'
b'2960',b'a8e9'
b'2961',b'kudf'
b'2962',b'mvp4'
b'2963',b'bh4a'
b'2964',b'm8z2'
b'2965',b'kz3t'
b'2966',b'9mnb'
b'2967',b'7rd2'
b'2968',b'yv4b'
b'2969',b'hdpb'
b'2970',b'tpb4'
b'2971',b'pewz'
b'2972',b'7n4z'
b'2973',b'up26'
b'2974',b'je27'
b'2975',b'untj'
b'2976',b'z7xr'
b'2977',b'zt42'
b'2978',b'xbhe'
b'2979',b'wu4f'
b'2980',b'tf94'
b'2981',b'nayd'
b'2982',b'mnwa'
b'2983',b'afbj'
b'2984',b'73ny'
b'2985',b'69r3'
b'2986',b'pxjn'
b'2987',b'uj4x'
b'2988',b'3xkz'
b'2989',b'wk8f'
b'2990',b'y2ta'
b'2991',b'624b'
b'2992',b'npuv'
b'2993',b'zjh9'
b'2994',b'xh49'
b'2995',b'j6kf'
b'2996',b'237y'
b'2997',b'b96h'
b'2998',b'upv2'
b'2999',b'pkbu'
b'3000',b'ap49'
b'3001',b'fyjz'
b'3002',b'wp69'
b'3003',b'zu27'
b'3004',b'mkva'
b'3005',b'n79m'
b'3006',b'x9zd'
b'3007',b'ah6w'
b'3008',b'td9k'
b'3009',b'txkv'
b'3010',b'at4n'
b'3011',b'tmy3'
b'3012',b'dx2y'
b'3013',b'd2a7'
b'3014',b'9bhm'
b'3015',b'8ux7'
b'3016',b'4zjf'
b'3017',b'483v'
b'3018',b'dupn'
b'3019',b'a2zn'
b'3020',b'wjt9'
b'3021',b'rdaj'
b'3022',b'xjwu'
b'3023',b'tk4j'
b'3024',b't7n2'
b'3025',b'm4zf'
b'3026',b'vte6'
b'3027',b'6wve'
b'3028',b'2emb'
b'3029',b'awfj'
b'3030',b'peyt'
b'3031',b'xh3n'
b'3032',b'fdx4'
b'3033',b'v3xa'
b'3034',b'vuzx'
b'3035',b'dvar'
b'3036',b'tyr4'
b'3037',b'znep'
b'3038',b'wdr8'
b'3039',b'v36r'
b'3040',b'rw3n'
b'3041',b'3mnr'
b'3042',b't6ry'
b'3043',b'yukn'
b'3044',b'nvuh'
b'3045',b'2une'
b'3046',b'h3a2'
b'3047',b'pw9k'
b'3048',b'ky82'
b'3049',b'tjmy'
b'3050',b'yz92'
b'3051',b'9wmu'
b'3052',b'arue'
b'3053',b'edtw'
b'3054',b'8f6z'
b'3055',b't9vp'
b'3056',b'vrt4'
b'3057',b'znpy'
b'3058',b'n7ju'
b'3059',b'7epk'
b'3060',b'jkav'
b'3061',b'3drz'
b'3062',b'4d6x'
b'3063',b'wt47'
b'3064',b'79xt'
b'3065',b'vfyn'
b'3066',b'jwrp'
b'3067',b'7fkv'
b'3068',b'hxdt'
b'3069',b'483u'
b'3070',b'yj6e'
b'3071',b'8hjt'
b'3072',b'8yp6'
b'3073',b'6b4y'
b'3074',b'fv7r'
b'3075',b't4uh'
b'3076',b'k4yz'
b'3077',b'k64r'
b'3078',b'wkn4'
b'3079',b'ur9p'
b'3080',b'ydk9'
b'3081',b'wmxd'
b'3082',b'kazy'
b'3083',b'ftk3'
b'3084',b'knba'
b'3085',b'wtvf'
b'3086',b'hpyr'
b'3087',b'yeuk'
b'3088',b'rfnu'
b'3089',b'dvyx'
b'3090',b'3kvz'
b'3091',b'yza3'
b'3092',b'6zh2'
b'3093',b'uvnh'
b'3094',b'97wh'
b'3095',b'embk'
b'3096',b't93z'
b'3097',b'3k6t'
b'3098',b'47et'
b'3099',b'b9ht'
b'3100',b'ek8t'
b'3101',b'tu8b'
b'3102',b'xu83'
b'3103',b'w8r2'
b'3104',b'e770'
b'3105',b'y2fk'
b'3106',b'peky'
b'3107',b'rb6k'
b'3108',b'rex7'
b'3109',b'ydzx'
b'3110',b't8y6'
b'3111',b'mf24'
b'3112',b'jetx'
b'3113',b'fnxt'
b'3114',b'ufzp'
b'3115',b'nmr8'
b'3116',b'bvfz'
b'3117',b'37r2'
b'3118',b'dxa6'
b'3119',b'x7bn'
b'3120',b'bhx6'
b'3121',b'z6f4'
b'3122',b'6zmf'
b'3123',b'9yru'
b'3124',b'exfz'
b'3125',b'du2f'
b'3126',b'ke7d'
b'3127',b'ezab'
b'3128',b'bzdw'
b'3129',b'2e8r'
b'3130',b'3dp6'
b'3131',b'r7ey'
b'3132',b'y3zn'
b'3133',b'jm97'
b'3134',b'jtk4'
b'3135',b'8tda'
b'3136',b'kxzj'
b'3137',b'34tr'
b'3138',b'2mnd'
b'3139',b'awym'
b'3140',b'yrmx'
b'3141',b'dpw8'
b'3142',b'6vk7'
b'3143',b'8e3a'
b'3144',b'38tx'
b'3145',b'jxep'
b'3146',b'zw7b'
b'3147',b'2n4d'
b'3148',b'7zja'
b'3149',b'vem8'
b'3150',b'hkd6'
b'3151',b'pxud'
b'3152',b'kf6n'
b'3153',b'hm38'
b'3154',b'4jvb'
b'3155',b'pheu'
b'3156',b'wkux'
b'3157',b'njup'
b'3158',b'7xm9'
b'3159',b'wa83'
b'3160',b'pyb3'
b'3161',b'nj3b'
b'3162',b'jdz6'
b'3163',b'83jm'
b'3164',b'4bha'
b'3165',b'v3fm'
b'3166',b'mth6'
b'3167',b'48un'
b'3168',b'4jma'
b'3169',b'3bta'
b'3170',b'rpa6'
b'3171',b'z496'
b'3172',b'jrnu'
b'3173',b'ew7v'
b'3174',b'47j9'
b'3175',b'hb29'
b'3176',b'zv4m'
b'3177',b'3xk8'
b'3178',b'thmx'
b'3179',b'wbkv'
b'3180',b'f2tb'
b'3181',b'fbnj'
b'3182',b'xbk8'
b'3183',b'dpun'
b'3184',b'6mwt'
b'3185',b'rte7'
b'3186',b'k2um'
b'3187',b'dpuz'
b'3188',b'dt28'
b'3189',b'y9p3'
b'3190',b'7hfr'
b'3191',b'9bxy'
b'3192',b'bxty'
b'3193',b'm2f3'
b'3194',b'juvd'
b'3195',b'dj89'
b'3196',b'3pt7'
b'3197',b'7h86'
b'3198',b'u67n'
b'3199',b'jnb6'
b'3200',b'vtzh'
b'3201',b'2w9t'
b'3202',b'bpmk'
b'3203',b'zh7e'
b'3204',b'mtde'
b'3205',b'xe8f'
b'3206',b'3z4a'
b'3207',b'3mxj'
b'3208',b'vt72'
b'3209',b'6yfb'
b'3210',b'wh6z'
b'3211',b'9nhw'
b'3212',b'fht8'
b'3213',b'f7bj'
b'3214',b'zptn'
b'3215',b'w62m'
b'3216',b'3z8d'
b'3217',b'9m7d'
b'3218',b'njrz'
b'3219',b'j82t'
b'3220',b'kdwy'
b'3221',b'hbjy'
b'3222',b'apkw'
b'3223',b'm8ty'
b'3224',b'pbeh'
b'3225',b'euhy'
b'3226',b'xpem'
b'3227',b'3wa6'
b'3228',b'fja2'
b'3229',b'yhxn'
b'3230',b'98hz'
b'3231',b'uyhm'
b'3232',b'pf7j'
b'3233',b'2anv'
b'3234',b'kjfb'
b'3235',b'hpze'
b'3236',b'nyfj'
b'3237',b'e6bv'
b'3238',b'y92m'
b'3239',b'x3zj'
b'3240',b'tmr9'
b'3241',b'u3tz'
b'3242',b'w6v8'
b'3243',b'pwmr'
b'3244',b'b9uf'
b'3245',b'efdm'
b'3246',b't2kh'
b'3247',b'z8uk'
b'3248',b'8p4j'
b'3249',b'wjxr'
b'3250',b'k4mv'
b'3251',b'nv48'
b'3252',b'ryvz'
b'3253',b'z28n'
b'3254',b'ap7u'
b'3255',b'9nx3'
b'3256',b'6ryh'
b'3257',b'6nwd'
b'3258',b'9zyt'
b'3259',b'mnat'
b'3260',b'vbpk'
b'3261',b'67jf'
b'3262',b'wu6f'
b'3263',b'rt92'
b'3264',b'n2jz'
b'3265',b'8m7j'
b'3266',b'z7tm'
b'3267',b'vzpb'
b'3268',b'hkzb'
b'3269',b'dbur'
b'3270',b'by2t'
b'3271',b'xfhp'
b'3272',b'n2j6'
b'3273',b'6fun'
b'3274',b'3a8x'
b'3275',b'de9v'
b'3276',b'vnjk'
b'3277',b'w8k3'
b'3278',b'yw9z'
b'3279',b'3w2e'
b'3280',b'e39f'
b'3281',b'7hr4'
b'3282',b'zvm9'
b'3283',b'x27t'
b'3284',b'y9fb'
b'3285',b'mya8'
b'3286',b'tf2a'
b'3287',b'dkzv'
b'3288',b'7d3j'
b'3289',b'w8jx'
b'3290',b'nk3b'
b'3291',b't4jb'
b'3292',b'xj8d'
b'3293',b'y87f'
b'3294',b'7r84'
b'3295',b'4d3v'
b'3296',b'4pd2'
b'3297',b'we2u'
b'3298',b'dx73'
b'3299',b'vwd4'
b'3300',b'puxn'
b'3301',b'j7hz'
b'3302',b'xu6a'
b'3303',b'xa3y'
b'3304',b'why8'
b'3305',b'x4kb'
b'3306',b'zvhd'
b'3307',b'xnfz'
b'3308',b'fkyr'
b'3309',b'u4xy'
b'3310',b'bx68'
b'3311',b'mvup'
b'3312',b'rjfw'
b'3313',b'wu7h'
b'3314',b'6z2x'
b'3315',b'n6p4'
b'3316',b'vh6w'
b'3317',b'ba46'
b'3318',b'fe4a'
b'3319',b'tv73'
b'3320',b'bpke'
b'3321',b'rz2e'
b'3322',b'jpx6'
b'3323',b'94hk'
b'3324',b'64wt'
b'3325',b'b2z7'
b'3326',b'6vbn'
b'3327',b'hkrm'
b'3328',b'69ab'
b'3329',b'h4be'
b'3330',b'en3j'
b'3331',b'emz4'
b'3332',b'hw4p'
b'3333',b'3xu6'
b'3334',b'7pak'
b'3335',b'7ke8'
b'3336',b'exua'
b'3337',b'7wuy'
b'3338',b'8wjk'
b'3339',b'3u7y'
b'3340',b'8h9w'
b'3341',b'6wtd'
b'3342',b'hfut'
b'3343',b'p23j'
b'3344',b'2v3x'
b'3345',b'482y'
b'3346',b'4aty'
b'3347',b'6p2y'
b'3348',b'8ey4'
b'3349',b'mh2r'
b'3350',b'zmdv'
b'3351',b'72eb'
b'3352',b'kan8'
b'3353',b'hy2x'
b'3354',b'f72a'
b'3355',b't7bw'
b'3356',b'tv2n'
b'3357',b'9w36'
b'3358',b'fwd8'
b'3359',b'3p86'
b'3360',b'xky8'
b'3361',b'j8t4'
b'3362',b'fnde'
b'3363',b'2enb'
b'3364',b't8xf'
b'3365',b'h9xa'
b'3366',b'xbaj'
b'3367',b'm6he'
b'3368',b'4hzb'
b'3369',b'4zep'
b'3370',b'myhk'
b'3371',b'nyvd'
b'3372',b'k4y3'
b'3373',b'8vph'
b'3374',b'x2uw'
b'3375',b'9wxj'
b'3376',b'pmar'
b'3377',b'pzfv'
b'3378',b'38xn'
b'3379',b'72pr'
b'3380',b'j8hu'
b'3381',b'ynhr'
b'3382',b'4j2w'
b'3383',b'mkrz'
b'3384',b'nv7x'
b'3385',b'3rpx'
b'3386',b'atwp'
b'3387',b'fe6n'
b'3388',b'wyet'
b'3389',b'43yw'
b'3390',b'wbfr'
b'3391',b'xpwt'
b'3392',b'jmv6'
b'3393',b'b74n'
b'3394',b'wm3b'
b'3395',b'uvdm'
b'3396',b'4ptb'
b'3397',b'vm8a'
b'3398',b'7fkp'
b'3399',b'atfn'
b'3400',b'x8vr'
b'3401',b'96td'
b'3402',b'zhn4'
b'3403',b'edwj'
b'3404',b'dk2a'
b'3405',b'kdn3'
b'3406',b'pe3y'
b'3407',b'9f2w'
b'3408',b'mayk'
b'3409',b'9w3n'
b'3410',b'medj'
b'3411',b'2my8'
b'3412',b'xybr'
b'3413',b'9vde'
b'3414',b'ft47'
b'3415',b'vy28'
b'3416',b'jv8z'
b'3417',b'eun9'
b'3418',b'jm8w'
b'3419',b'fb2m'
b'3420',b'w43h'
b'3421',b'6r7n'
b'3422',b'xynd'
b'3423',b'69y7'
b'3424',b'b2wt'
b'3425',b'b37h'
b'3426',b'hvwt'
b'3427',b'xbw6'
b'3428',b'pwdu'
b'3429',b'h9x8'
b'3430',b'4pzb'
b'3431',b'vzj4'
b'3432',b'brem'
b'3433',b'jh7t'
b'3434',b'truy'
b'3435',b'xtud'
b'3436',b'23dp'
b'3437',b'8rj9'
b'3438',b'27da'
b'3439',b'3p4x'
b'3440',b'we2x'
b'3441',b'np47'
b'3442',b'rekd'
b'3443',b'9hyk'
b'3444',b'4pvr'
b'3445',b'ae4d'
b'3446',b'zb4d'
b'3447',b'34n7'
b'3448',b'36ed'
b'3449',b'pxau'
b'3450',b'7nxt'
b'3451',b'fr4d'
b'3452',b'6rjd'
b'3453',b'eun4'
b'3454',b'j8dx'
b'3455',b'9vhu'
b'3456',b'dae7'
b'3457',b'zk36'
b'3458',b'fvx7'
b'3459',b'k2td'
b'3460',b'6pan'
b'3461',b'7fnr'
b'3462',b'wrx3'
b'3463',b'w4j7'
b'3464',b'9y6j'
b'3465',b'vyhe'
b'3466',b'3rt4'
b'3467',b'ka7h'
b'3468',b'h6me'
b'3469',b'nhva'
b'3470',b'p8yn'
b'3471',b'ky3d'
b'3472',b'6y4a'
b'3473',b'9k3f'
b'3474',b'mxfz'
b'3475',b'4t7b'
b'3476',b'jxzw'
b'3477',b'yk8x'
b'3478',b'm7z9'
b'3479',b'ah8f'
b'3480',b'nhkb'
b'3481',b't3yf'
b'3482',b'zunr'
b'3483',b'829j'
b'3484',b'ye78'
b'3485',b'z46n'
b'3486',b'k4r7'
b'3487',b'n7ja'
b'3488',b'zdkt'
b'3489',b'avft'
b'3490',b'wt9z'
b'3491',b'aydj'
b'3492',b'26un'
b'3493',b'kuwh'
b'3494',b'fwpa'
b'3495',b'nz34'
b'3496',b'r28m'
b'3497',b'z63x'
b'3498',b'auyb'
b'3499',b'tvm4'
b'3500',b'pbvm'
b'3501',b'yetd'
b'3502',b'2eah'
b'3503',b'9nf7'
b'3504',b'hj6z'
b'3505',b'jmbf'
b'3506',b'z4md'
b'3507',b'9bxu'
b'3508',b'bken'
b'3509',b'7prh'
b'3510',b'h62a'
b'3511',b'kent'
b'3512',b'zrjk'
b'3513',b'r4wn'
b'3514',b'7w8y'
b'3515',b'mdwj'
b'3516',b'b2ap'
b'3517',b'mj24'
b'3518',b'6jde'
b'3519',b'7hbt'
b'3520',b'9ezp'
b'3521',b'wt97'
b'3522',b'3nbf'
b'3523',b'2rpm'
b'3524',b'a42w'
b'3525',b'9z63'
b'3526',b'962z'
b'3527',b'7prn'
b'3528',b'ufjw'
b'3529',b'uxp6'
b'3530',b'u7zr'
b'3531',b'w3hn'
b'3532',b'fx98'
b'3533',b'tbh3'
b'3534',b'b7md'
b'3535',b't2ak'
b'3536',b'6t8d'
b'3537',b'v9kx'
b'3538',b'6rx9'
b'3539',b'm4jx'
b'3540',b'tdyv'
b'3541',b'jmyv'
b'3542',b'wvn3'
b'3543',b'32wa'
b'3544',b'tux8'
b'3545',b'7892'
b'3546',b'wutf'
b'3547',b'fj8v'
b'3548',b'2p8d'
b'3549',b'vrxt'
b'3550',b'un7d'
b'3551',b'zyrd'
b'3552',b'fea9'
b'3553',b'2dxj'
b'3554',b'nkzt'
b'3555',b'2p8b'
b'3556',b'pakf'
b'3557',b'rw4t'
b'3558',b'6ntz'
b'3559',b'emdb'
b'3560',b'ba97'
b'3561',b'dbpw'
b'3562',b'jmpw'
b'3563',b'bw2v'
b'3564',b'uz7w'
b'3565',b'43yj'
b'3566',b'd8jk'
b'3567',b'7fdh'
b'3568',b'78e6'
b'3569',b'p8tz'
b'3570',b'kjw7'
b'3571',b'xerz'
b'3572',b'dr6j'
b'3573',b'm4he'
b'3574',b'23hu'
b'3575',b'84hy'
b'3576',b'exab'
b'3577',b'w9vp'
b'3578',b'2wp4'
b'3579',b'v4wj'
b'3580',b'zpa6'
b'3581',b'b7u8'
b'3582',b'd9mv'
b'3583',b'3d29'
b'3584',b'v8nx'
b'3585',b'a9t8'
b'3586',b'puwy'
b'3587',b'86zj'
b'3588',b't4e6'
b'3589',b'yv6a'
b'3590',b'he8x'
b'3591',b'nrkv'
b'3592',b'9yjd'
b'3593',b'vhwr'
b'3594',b'3tr9'
b'3595',b'p3ex'
b'3596',b'axjm'
b'3597',b'ay6r'
b'3598',b'v9kb'
b'3599',b'vjxf'
b'3600',b'49yx'
b'3601',b'w2nr'
b'3602',b'a6u2'
b'3603',b'h8m2'
b'3604',b'm9a7'
b'3605',b'zka3'
b'3606',b'9f2e'
b'3607',b'ndmt'
b'3608',b'rhby'
b'3609',b'bf3w'
b'3610',b'pa2y'
b'3611',b'edmv'
b'3612',b'rn3w'
b'3613',b'729x'
b'3614',b'v4uh'
b'3615',b'37z4'
b'3616',b'etdb'
b'3617',b'r2dt'
b'3618',b'xr8j'
b'3619',b'b38w'
b'3620',b'rnwa'
b'3621',b'km6r'
b'3622',b'83ht'
b'3623',b'9ufx'
b'3624',b'kdxm'
b'3625',b'3mnd'
b'3626',b'eh63'
b'3627',b'xfab'
b'3628',b'h9y4'
b'3629',b'vtm8'
b'3630',b'ekn2'
b'3631',b'mt9j'
b'3632',b'pjd3'
b'3633',b'd7yz'
b'3634',b'yt78'
b'3635',b'x6f8'
b'3636',b'r9fv'
b'3637',b'f8xt'
b'3638',b'n6yj'
b'3639',b'k2ep'
b'3640',b'wy2v'
b'3641',b'pz4e'
b'3642',b'wa48'
b'3643',b'n62w'
b'3644',b'wanb'
b'3645',b'6xeh'
b'3646',b'8j6p'
b'3647',b'dmyh'
b'3648',b'8pwa'
b'3649',b'vfz3'
b'3650',b'px74'
b'3651',b'kw4m'
b'3652',b'46wk'
b'3653',b'yr7h'
b'3654',b'3jkt'
b'3655',b'yaue'
b'3656',b'dxya'
b'3657',b'm8kj'
b'3658',b'fdyu'
b'3659',b'3pwe'
b'3660',b'wnbz'
b'3661',b'dpha'
b'3662',b'z7eb'
b'3663',b'4abe'
b'3664',b'9e7u'
b'3665',b'2upe'
b'3666',b'khfp'
b'3667',b'v7a6'
b'3668',b'fkh9'
b'3669',b'v7p8'
b'3670',b'utzf'
b'3671',b'7atb'
b'3672',b'ujrd'
b'3673',b'u934'
b'3674',b'njd2'
b'3675',b'bn8m'
b'3676',b'nfx6'
b'3677',b'f4dj'
b'3678',b'zx64'
b'3679',b'wue6'
b'3680',b'3kfb'
b'3681',b'3n9y'
b'3682',b'a8eu'
b'3683',b'7pzy'
b'3684',b'94h8'
b'3685',b'md4r'
b'3686',b'r2hp'
b'3687',b'kh86'
b'3688',b'47bz'
b'3689',b'dnh2'
b'3690',b'47nu'
b'3691',b'arw4'
b'3692',b'ka2n'
b'3693',b'zeyn'
b'3694',b'rh68'
b'3695',b'29me'
b'3696',b'xmen'
b'3697',b'hea6'
b'3698',b'kxz8'
b'3699',b'rkay'
b'3700',b'9p4e'
b'3701',b'a6ut'
b'3702',b'8twk'
b'3703',b'aweu'
b'3704',b'7ym6'
b'3705',b'fmh2'
b'3706',b'z3ud'
b'3707',b'at3v'
b'3708',b'4xph'
b'3709',b'f8jt'
b'3710',b'3rkm'
b'3711',b'4r68'
b'3712',b't3e7'
b'3713',b'bmd8'
b'3714',b'z9yk'
b'3715',b'fej4'
b'3716',b'tw46'
b'3717',b'b8t3'
b'3718',b'kpyx'
b'3719',b'bnwe'
b'3720',b'k9wx'
b'3721',b'dhzf'
b'3722',b'37wa'
b'3723',b'evun'
b'3724',b'dy9p'
b'3725',b'xak2'
b'3726',b'h9pv'
b'3727',b'24j9'
b'3728',b'pt6b'
b'3729',b'yb84'
b'3730',b'7dxw'
b'3731',b'zmbj'
b'3732',b'fah2'
b'3733',b'dbav'
b'3734',b'frhn'
b'3735',b'kran'
b'3736',b'2e7a'
b'3737',b'39dw'
b'3738',b'kham'
b'3739',b'thn7'
b'3740',b'pu68'
b'3741',b'bxpw'
b'3742',b'pdfy'
b'3743',b'7t4a'
b'3744',b'a6kr'
b'3745',b'v27a'
b'3746',b'zk8r'
b'3747',b'khme'
b'3748',b'w9hj'
b'3749',b'uwzj'
b'3750',b'xrvh'
b'3751',b'u4az'
b'3752',b'9xfj'
b'3753',b'u6rw'
b'3754',b'4z3w'
b'3755',b'utfy'
b'3756',b'36up'
b'3757',b'vnkx'
b'3758',b'awkv'
b'3759',b'jnw9'
b'3760',b'hkdj'
b'3761',b'bvd7'
b'3762',b'pwm3'
b'3763',b'zuj4'
b'3764',b'w6hp'
b'3765',b'mx8a'
b'3766',b'vme6'
b'3767',b'aw24'
b'3768',b'x6fe'
b'3769',b'ndmy'
b'3770',b'uxah'
b'3771',b'4uam'
b'3772',b'ywnu'
b'3773',b'6pjt'
b'3774',b'3ne7'
b'3775',b'thpr'
b'3776',b'marv'
b'3777',b'h4jm'
b'3778',b'3b66'
b'3779',b'7n9b'
b'3780',b'aw9a'
b'3781',b'hv67'
b'3782',b'eprh'
b'3783',b'nb9z'
b'3784',b'zer9'
b'3785',b'3794'
b'3786',b'jx3t'
b'3787',b'fzru'
b'3788',b'6vux'
b'3789',b'8j3f'
b'3790',b'bznj'
b'3791',b'6nt3'
b'3792',b'f7du'
b'3793',b'rj92'
b'3794',b'my8j'
b'3795',b'ydw8'
b'3796',b'2mnh'
b'3797',b'96kb'
b'3798',b'jzvu'
b'3799',b'pz6v'
b'3800',b'3kdv'
b'3801',b'wt6n'
b'3802',b'fx3y'
b'3803',b'er2b'
b'3804',b'6z24'
b'3805',b'2987'
b'3806',b'v9hz'
b'3807',b'r6ye'
b'3808',b'bedr'
b'3809',b'97d4'
b'3810',b'v7a4'
b'3811',b'jdt6'
b'3812',b'7jp8'
b'3813',b't2b4'
b'3814',b'xbp3'
b'3815',b'exwf'
b'3816',b'fa3t'
b'3817',b'zp3h'
b'3818',b'vfhd'
b'3819',b'ek62'
b'3820',b'8h27'
b'3821',b'769f'
b'3822',b'3n7b'
b'3823',b'dy2j'
b'3824',b'86dh'
b'3825',b'd4b9'
b'3826',b'thnd'
b'3827',b'n3mt'
b'3828',b'8enj'
b'3829',b'6vzx'
b'3830',b'djmp'
b'3831',b'jabh'
b'3832',b'efmn'
b'3833',b'xuv9'
b'3834',b'rhbk'
b'3835',b'btjv'
b'3836',b'jm9p'
b'3837',b'ad42'
b'3838',b'8pzf'
b'3839',b'te3k'
b'3840',b'2bme'
b'3841',b'62bm'
b'3842',b'yjrz'
b'3843',b'n3w6'
b'3844',b'fk2j'
b'3845',b'ywbr'
b'3846',b'r27p'
b'3847',b'8mb6'
b'3848',b'9uny'
b'3849',b'fdxa'
b'3850',b'826y'
b'3851',b'7t8u'
b'3852',b'bfx7'
b'3853',b'3h9n'
b'3854',b'fmhn'
b'3855',b'yruv'
b'3856',b'4pex'
b'3857',b'2pvu'
b'3858',b'mu7z'
b'3859',b'brhf'
b'3860',b'xnkv'
b'3861',b'dbfp'
b'3862',b'72h8'
b'3863',b'jzx8'
b'3864',b'wtvy'
b'3865',b'fynh'
b'3866',b'67du'
b'3867',b'xh2b'
b'3868',b'nxd7'
b'3869',b'nk9z'
b'3870',b't63d'
b'3871',b'3a6j'
b'3872',b'k9r7'
b'3873',b'bmhn'
b'3874',b'rh39'
b'3875',b'x2aj'
b'3876',b'z2mt'
b'3877',b'4fbn'
b'3878',b'wzme'
b'3879',b'yx8p'
b'3880',b'8y6t'
b'3881',b'93kx'
b'3882',b'x9f8'
b'3883',b'zatr'
b'3884',b'zjk7'
b'3885',b'4nyr'
b'3886',b'p2hm'
b'3887',b'xhe9'
b'3888',b'f4bv'
b'3889',b'zpak'
b'3890',b'tz4p'
b'3891',b'fejw'
b'3892',b'n9k6'
b'3893',b'p9zt'
b'3894',b'xhuw'
b'3895',b'nky2'
b'3896',b'xyaf'
b'3897',b'2nx6'
b'3898',b'ztk9'
b'3899',b'puy4'
b'3900',b'2jb9'
b'3901',b'kjmz'
b'3902',b'tfjw'
b'3903',b'ruwp'
b'3904',b'v3u8'
b'3905',b'7bv2'
b'3906',b'34ba'
b'3907',b'f7jk'
b'3908',b'bmht'
b'3909',b'pumd'
b'3910',b'dzh9'
b'3911',b'7haw'
b'3912',b'me68'
b'3913',b'8nkj'
b'3914',b'yvt6'
b'3915',b'pntb'
b'3916',b'r87f'
b'3917',b'kn94'
b'3918',b'x26r'
b'3919',b'zkv9'
b'3920',b'ec99'
b'3921',b'3ku2'
b'3922',b'bjut'
b'3923',b'nf6k'
b'3924',b'rd97'
b'3925',b'enay'
b'3926',b'umvb'
b'3927',b'km3f'
b'3928',b'nk87'
b'3929',b'bwnv'
b'3930',b'jtw2'
b'3931',b'eu4b'
b'3932',b'68dp'
b'3933',b'n8a4'
b'3934',b'ahz8'
b'3935',b'982y'
b'3936',b'yzrd'
b'3937',b'y8dn'
b'3938',b'4fzk'
b'3939',b'ek3w'
b'3940',b'6r2k'
b'3941',b'37zx'
b'3942',b'jb7n'
b'3943',b'k3ry'
b'3944',b'brp3'
b'3945',b'j6u9'
b'3946',b'h3nb'
b'3947',b'texd'
b'3948',b'rkxh'
b'3949',b't94h'
b'3950',b'26vf'
b'3951',b'kb47'
b'3952',b'n3ex'
b'3953',b'avhp'
b'3954',b'av73'
b'3955',b'6xuk'
b'3956',b'9n8u'
b'3957',b'm7p8'
b'3958',b'zxa3'
b'3959',b'bkjw'
b'3960',b'8x2j'
b'3961',b'd824'
b'3962',b'apf8'
b'3963',b'rkhp'
b'3964',b'6u3w'
b'3965',b'62jm'
b'3966',b'8tez'
b'3967',b'9zxf'
b'3968',b'bt97'
b'3969',b'8whr'
b'3970',b'z26t'
b'3971',b'za6b'
b'3972',b'xhbe'
b'3973',b'ndra'
b'3974',b'p3tk'
b'3975',b'vw3h'
b'3976',b'vb2p'
b'3977',b'ze8r'
b'3978',b'xfk7'
b'3979',b'3zbw'
b'3980',b'taen'
b'3981',b'wah2'
b'3982',b'mvf8'
b'3983',b'e9hr'
b'3984',b'uevd'
b'3985',b'htre'
b'3986',b'wn7y'
b'3987',b'm87z'
b'3988',b'vxfz'
b'3989',b'nh29'
b'3990',b'zayh'
b'3991',b'79py'
b'3992',b'pvtz'
b'3993',b'bvy7'
b'3994',b'fe29'
b'3995',b'j2hb'
b'3996',b'fkwr'
b'3997',b'6wet'
b'3998',b'zktd'
b'3999',b'mkze'
b'4000',b'2mb6'
b'4001',b'3a6e'
b'4002',b'btwk'
b'4003',b'4jv6'
b'4004',b'ynaz'
b'4005',b'k7au'
b'4006',b'arbx'
b'4007',b'zva6'
b'4008',b'zbte'
b'4009',b'8rj7'
b'4010',b'p76x'
b'4011',b'2kt6'
b'4012',b'zbny'
b'4013',b'r93n'
b'4014',b'78dh'
b'4015',b'8ykm'
b'4016',b'w3uf'
b'4017',b'7tkf'
b'4018',b'd86e'
b'4019',b'hmp7'
b'4020',b'wrej'
b'4021',b'a943'
b'4022',b'zfh8'
b'4023',b'hnzm'
b'4024',b'4jy6'
b'4025',b'4hyd'
b'4026',b'4k3h'
b'4027',b'ejvt'
b'4028',b'3kp9'
b'4029',b'8dt8'
b'4030',b'az8t'
b'4031',b'wtjn'
b'4032',b'ry6d'
b'4033',b'kudm'
b'4034',b'62kv'
b'4035',b'm23v'
b'4036',b'jv8n'
b'4037',b'znuk'
b'4038',b'8j4k'
b'4039',b'96xk'
b'4040',b'p4av'
b'4041',b'j6hv'
b'4042',b'8ypw'
b'4043',b'7bjz'
b'4044',b'hrvj'
b'4045',b'z3f6'
b'4046',b'jay8'
b'4047',b'jyxt'
b'4048',b'86vu'
b'4049',b'hfmb'
b'4050',b'd8e3'
b'4051',b'39dm'
b'4052',b'w9uk'
b'4053',b'mbk9'
b'4054',b'8pmj'
b'4055',b'far7'
b'4056',b'y7ex'
b'4057',b'jbmz'
b'4058',b'kp42'
b'4059',b'm6p2'
b'4060',b'y8hx'
b'4061',b'jn4p'
b'4062',b'uy8f'
b'4063',b'7bnf'
b'4064',b'yr79'
b'4065',b'jvmd'
b'4066',b'fpt3'
b'4067',b'yket'
b'4068',b'92p4'
b'4069',b'hfx9'
b'4070',b'wxjv'
b'4071',b'kwa8'
b'4072',b'zerf'
b'4073',b'3wzk'
b'4074',b'6wrf'
b'4075',b'ubxm'
b'4076',b'njpf'
b'4077',b'a9tu'
b'4078',b'3wy2'
b'4079',b'xnwf'
b'4080',b'eawz'
b'4081',b'8ta7'
b'4082',b'axje'
b'4083',b'vzr2'
b'4084',b'eju3'
b'4085',b'9vra'
b'4086',b'6na8'
b'4087',b'w4hv'
b'4088',b'7ruy'
b'4089',b'kh8w'
b'4090',b'tn9a'
b'4091',b'e64z'
b'4092',b'dje4'
b'4093',b'279p'
b'4094',b'ktdu'
b'4095',b'pvx8'
b'4096',b'mrvd'
b'4097',b'f3t7'
b'4098',b'py8r'
b'4099',b'9e8b'
b'4100',b'xwvf'
b'4101',b'bdnf'
b'4102',b'z8p6'
b'4103',b'yek9'
b'4104',b'6wpj'
b'4105',b'r27t'
b'4106',b'a2mz'
b'4107',b'tmz8'
b'4108',b'683m'
b'4109',b'6z2v'
b'4110',b'w46v'
b'4111',b'zhp3'
b'4112',b'3ha9'
b'4113',b'utb6'
b'4114',b'a374'
b'4115',b'uvrn'
b'4116',b'pwk7'
b'4117',b'2zdu'
b'4118',b'wtbn'
b'4119',b'mpvf'
b'4120',b'284y'
b'4121',b'2r79'
b'4122',b'tuep'
b'4123',b'r43d'
b'4124',b'9mjd'
b'4125',b'8p67'
b'4126',b'eyux'
b'4127',b'e3px'
b'4128',b'4d3a'
b'4129',b'rh4n'
b'4130',b'tzpj'
b'4131',b'fmbh'
b'4132',b'3mrx'
b'4133',b'k87a'
b'4134',b'ay7w'
b'4135',b'ze6h'
b'4136',b'r36e'
b'4137',b'yp4h'
b'4138',b'j472'
b'4139',b'pn76'
b'4140',b'dkwx'
b'4141',b'8mr6'
b'4142',b'4nbt'
b'4143',b'w34r'
b'4144',b'y64m'
b'4145',b'k2u3'
b'4146',b'e3fz'
b'4147',b'zupj'
b'4148',b'denh'
b'4149',b'jzyk'
b'4150',b'6vxz'
b'4151',b'6k7p'
b'4152',b'v2zu'
b'4153',b'u3rm'
b'4154',b'43wv'
b'4155',b'xm87'
b'4156',b'uajt'
b'4157',b'ptf4'
b'4158',b'a6ek'
b'4159',b'8xnd'
b'4160',b'dwbx'
b'4161',b'4zpj'
b'4162',b'uvtn'
b'4163',b'9nrp'
b'4164',b'xuve'
b'4165',b'655e'
b'4166',b'jnaz'
b'4167',b'8de7'
b'4168',b'njxm'
b'4169',b'7nz9'
b'4170',b'3tpb'
b'4171',b'tphn'
b'4172',b'ymtb'
b'4173',b'hum9'
b'4174',b'dzh9'
b'4175',b'ufme'
b'4176',b'zdv3'
b'4177',b'3x2m'
b'4178',b'pnuw'
b'4179',b'rd2n'
b'4180',b'yp6f'
b'4181',b'evxd'
b'4182',b'nk62'
b'4183',b'au2n'
b'4184',b'fe7y'
b'4185',b'uz8y'
b'4186',b'a79y'
b'4187',b'tru8'
b'4188',b'nf9t'
b'4189',b'fhj7'
b'4190',b'ujet'
b'4191',b'wm4x'
b'4192',b'zydr'
b'4193',b'64mh'
b'4194',b'bkr9'
b'4195',b'zkvf'
b'4196',b'am4z'
b'4197',b'd7n9'
b'4198',b'm2az'
b'4199',b'py4h'
b'4200',b'7bxf'
b'4201',b'dujw'
b'4202',b'pvf9'
b'4203',b'fh9p'
b'4204',b'mhw7'
b'4205',b'ubdw'
b'4206',b'kd8r'
b'4207',b'4e9w'
b'4208',b'hwdy'
b'4209',b'3ry9'
b'4210',b'uvpw'
b'4211',b'nx9p'
b'4212',b'dvjx'
b'4213',b'7eh3'
b'4214',b'a6e7'
b'4215',b'rx2n'
b'4216',b'pzw4'
b'4217',b'w8ue'
b'4218',b'nzje'
b'4219',b'32yj'
b'4220',b'4uh9'
b'4221',b'fkv2'
b'4222',b'buvp'
b'4223',b'm864'
b'4224',b'xym7'
b'4225',b'dkjx'
b'4226',b'4kdp'
b'4227',b'r6tx'
b'4228',b'x32e'
b'4229',b'6k9m'
b'4230',b'e9bv'
b'4231',b'fh9v'
b'4232',b'8w26'
b'4233',b'u8ty'
b'4234',b'zp4k'
b'4235',b'z3hj'
b'4236',b'zxmf'
b'4237',b't4uy'
b'4238',b'nbzt'
b'4239',b'yvb2'
b'4240',b'ujhe'
b'4241',b'dtje'
b'4242',b'6k97'
b'4243',b'bm7a'
b'4244',b'jznt'
b'4245',b'u62w'
b'4246',b'bka2'
b'4247',b'wyam'
b'4248',b'u24h'
b'4249',b'rbm7'
b'4250',b'm36k'
b'4251',b'k24d'
b'4252',b'v4tf'
b'4253',b'3vpb'
b'4254',b'pna7'
b'4255',b'4fw3'
b'4256',b'ba8d'
b'4257',b'y4tm'
b'4258',b'aj8z'
b'4259',b'38nw'
b'4260',b'zujk'
b'4261',b'n43u'
b'4262',b'43h9'
b'4263',b'2njx'
b'4264',b'xrha'
b'4265',b'u6pr'
b'4266',b'xrhy'
b'4267',b'3rxa'
b'4268',b'j832'
b'4269',b'49f6'
b'4270',b'w42d'
b'4271',b'rx9j'
b'4272',b'a3bp'
b'4273',b'akyx'
b'4274',b'fa79'
b'4275',b'7w3h'
b'4276',b'k98x'
b'4277',b'e6t7'
b'4278',b'fw42'
b'4279',b'rb4e'
b'4280',b'8thn'
b'4281',b'ruhn'
b'4282',b'3vaf'
b'4283',b'2duv'
b'4284',b'afy9'
b'4285',b'7t4d'
b'4286',b'y9ft'
b'4287',b'bvfn'
b'4288',b'nz4h'
b'4289',b'abem'
b'4290',b'uxjn'
b'4291',b'brn7'
b'4292',b'4mv9'
b'4293',b'4pfh'
b'4294',b'ud7f'
b'4295',b'z8kw'
b'4296',b'nkve'
b'4297',b'7yhz'
b'4298',b'eu3j'
b'4299',b'fma9'
b'4300',b'knjr'
b'4301',b'fu4h'
b'4302',b'tk8r'
b'4303',b'9wxk'
b'4304',b'tp7b'
b'4305',b'yu2d'
b'4306',b'78va'
b'4307',b'krnh'
b'4308',b'9h8z'
b'4309',b'z49m'
b'4310',b'r6vh'
b'4311',b't3xp'
b'4312',b'8r7f'
b'4313',b'rznd'
b'4314',b'pufx'
b'4315',b'2u34'
b'4316',b'z6mr'
b'4317',b'9xua'
b'4318',b'8e7w'
b'4319',b'w2ae'
b'4320',b'k7zx'
b'4321',b'ja7b'
b'4322',b'jr4p'
b'4323',b'vjtd'
b'4324',b'ymhu'
b'4325',b'nae2'
b'4326',b'2m4j'
b'4327',b'mazr'
b'4328',b'xh4z'
b'4329',b'u9tp'
b'4330',b'uver'
b'4331',b'3ujy'
b'4332',b'9fb7'
b'4333',b'9w3m'
b'4334',b'k2ta'
b'4335',b'9ae7'
b'4336',b'rb7d'
b'4337',b'tj7b'
b'4338',b'zh3j'
b'4339',b'x3m4'
b'4340',b'mu7f'
b'4341',b'bevt'
b'4342',b'u94r'
b'4343',b'93mt'
b'4344',b'm2zp'
b'4345',b'hptu'
b'4346',b'dvwa'
b'4347',b'vh8k'
b'4348',b'4rjd'
b'4349',b'4mdb'
b'4350',b'fw6x'
b'4351',b'm9z6'
b'4352',b'btke'
b'4353',b'b4yn'
b'4354',b'evyn'
b'4355',b'mvyx'
b'4356',b'pm9t'
b'4357',b'pyaw'
b'4358',b'tmzj'
b'4359',b'ra74'
b'4360',b'mkbr'
b'4361',b'erub'
b'4362',b'y39a'
b'4363',b'nktz'
b'4364',b'j64e'
b'4365',b'7vwj'
b'4366',b'rv98'
b'4367',b'zeku'
b'4368',b'26np'
b'4369',b'nkb9'
b'4370',b'49e6'
b'4371',b'n693'
b'4372',b'8ke9'
b'4373',b'hvx3'
b'4374',b'pmw3'
b'4375',b'ahzj'
b'4376',b'bunk'
b'4377',b'bk8a'
b'4378',b'afnt'
b'4379',b'xubn'
b'4380',b'r84w'
b'4381',b'rux8'
b'4382',b'uvnr'
b'4383',b'nuzk'
b'4384',b'3r9u'
b'4385',b'j8f9'
b'4386',b'fvye'
b'4387',b'f24t'
b'4388',b'eym7'
b'4389',b'krte'
b'4390',b'r8fd'
b'4391',b'pznt'
b'4392',b'9xjz'
b'4393',b'wfjb'
b'4394',b'7n8b'
b'4395',b'a2xb'
b'4396',b'dwfj'
b'4397',b'mu7n'
b'4398',b'f3bd'
b'4399',b'p6de'
b'4400',b'6wme'
b'4401',b'xnzm'
b'4402',b'z6er'
b'4403',b'hvj6'
b'4404',b'tbf8'
b'4405',b'je74'
b'4406',b'8tnf'
b'4407',b'e78d'
b'4408',b'm6h9'
b'4409',b'68jv'
b'4410',b'z97f'
b'4411',b'zeth'
b'4412',b'pd7y'
b'4413',b'8w29'
b'4414',b'ya6k'
b'4415',b'68m9'
b'4416',b'8whj'
b'4417',b'knwx'
b'4418',b'kjyz'
b'4419',b'epr8'
b'4420',b'hndz'
b'4421',b'yxrn'
b'4422',b'udf8'
b'4423',b'x2yf'
b'4424',b'j7vk'
b'4425',b'749u'
b'4426',b'xfbr'
b'4427',b'y94m'
b'4428',b'y6r2'
b'4429',b'vmf9'
b'4430',b'26ph'
b'4431',b'ar8n'
b'4432',b'wbyv'
b'4433',b'79f3'
b'4434',b'8r4y'
b'4435',b'd7v9'
b'4436',b'h9ur'
b'4437',b'h6r7'
b'4438',b'8fvb'
b'4439',b'4jfk'
b'4440',b'3pmw'
b'4441',b'xaz8'
b'4442',b'mwj4'
b'4443',b'davr'
b'4444',b'6w4t'
b'4445',b'upev'
b'4446',b'wubp'
b'4447',b'bmyt'
b'4448',b'bnzy'
b'4449',b't9wa'
b'4450',b'hda3'
b'4451',b'jrwn'
b'4452',b'pkbd'
b'4453',b'wxdf'
b'4454',b'3ey9'
b'4455',b'hm69'
b'4456',b'4dmx'
b'4457',b'2yb6'
b'4458',b'jtvz'
b'4459',b'2nhm'
b'4460',b'0bc3'
b'4461',b'673u'
b'4462',b'knam'
b'4463',b'6m5k'
b'4464',b'3bjw'
b'4465',b'w4uh'
b'4466',b'w6zu'
b'4467',b'9zyb'
b'4468',b'yewk'
b'4469',b'7ku8'
b'4470',b'jtud'
b'4471',b'7nwu'
b'4472',b'4d6m'
b'4473',b'fe82'
b'4474',b'ebxk'
b'4475',b'pkyu'
b'4476',b'h7xj'
b'4477',b'273j'
b'4478',b'32xv'
b'4479',b'jfwk'
b'4480',b'xrhe'
b'4481',b'3xd7'
b'4482',b'6bkh'
b'4483',b'p94e'
b'4484',b'8dy7'
b'4485',b'a26y'
b'4486',b'8wxy'
b'4487',b'udxz'
b'4488',b'vz9h'
b'4489',b'h28w'
b'4490',b'w4pf'
b'4491',b'jy9b'
b'4492',b'6pbf'
b'4493',b'e8tp'
b'4494',b'zfat'
b'4495',b'bedw'
b'4496',b'rvkd'
b'4497',b'9m8a'
b'4498',b'ehn4'
b'4499',b'r32j'
b'4500',b'2b4w'
b'4501',b'fh4y'
b'4502',b'7uha'
b'4503',b'28md'
b'4504',b'yfun'
b'4505',b'3a9e'
b'4506',b'vmrb'
b'4507',b'2d3r'
b'4508',b'wez3'
b'4509',b'a4tk'
b'4510',b't3u9'
b'4511',b'8784'
b'4512',b'ez6n'
b'4513',b'j8dh'
b'4514',b'e82v'
b'4515',b'bh7a'
b'4516',b'bvud'
b'4517',b'pdya'
b'4518',b'vywm'
b'4519',b'j4p2'
b'4520',b'jxyn'
b'4521',b'p2wh'
b'4522',b'2wz3'
b'4523',b'tkbx'
b'4524',b'6p9h'
b'4525',b'2dwk'
b'4526',b'3847'
b'4527',b'e2tv'
b'4528',b'9euk'
b'4529',b'wd3y'
b'4530',b'3hw0'
b'4531',b'udw9'
b'4532',b'kjna'
b'4533',b'3yjw'
b'4534',b'pu8z'
b'4535',b'janm'
b'4536',b'my2k'
b'4537',b'9n78'
b'4538',b'b73x'
b'4539',b'he2u'
b'4540',b'2h96'
b'4541',b'etdm'
b'4542',b'e73v'
b'4543',b'bfd6'
b'4544',b'twzx'
b'4545',b'we47'
b'4546',b'wu3n'
b'4547',b'd7eu'
b'4548',b'hrn3'
b'4549',b'n4jv'
b'4550',b'v34k'
b'4551',b'ekm6'
b'4552',b'r234'
b'4553',b'zmr7'
b'4554',b'zwd4'
b'4555',b'bfhu'
b'4556',b'da2x'
b'4557',b'3tk6'
b'4558',b'ymp8'
b'4559',b'ue6v'
b'4560',b'wu2z'
b'4561',b'68hf'
b'4562',b'nxru'
b'4563',b'9t4e'
b'4564',b'bk82'
b'4565',b'p36n'
b'4566',b'zfup'
b'4567',b'k48e'
b'4568',b'a4up'
b'4569',b'zea6'
b'4570',b'8pu3'
b'4571',b'apbj'
b'4572',b'epb7'
b'4573',b'vu4m'
b'4574',b'7j2n'
b'4575',b'8anz'
b'4576',b'f6rt'
b'4577',b'7r6f'
b'4578',b'2mzt'
b'4579',b'pndk'
b'4580',b'd926'
b'4581',b'64ud'
b'4582',b'8dru'
b'4583',b'b2tk'
b'4584',b'2jy9'
b'4585',b'uh3n'
b'4586',b'vnw4'
b'4587',b'8pje'
b'4588',b'26md'
b'4589',b'w9tx'
b'4590',b'eu2r'
b'4591',b'78x9'
b'4592',b'x3d2'
b'4593',b'93vh'
b'4594',b'4a6u'
b'4595',b'6rbm'
b'4596',b'2nfk'
b'4597',b'82na'
b'4598',b'ueka'
b'4599',b'2tmf'
b'4600',b'rf2z'
b'4601',b'2ybh'
b'4602',b'bv9n'
b'4603',b'dx3w'
b'4604',b'faeu'
b'4605',b'4jr8'
b'4606',b'f4j7'
b'4607',b'vk2z'
b'4608',b'tz86'
b'4609',b'v92d'
b'4610',b'b27t'
b'4611',b'a9z2'
b'4612',b'wzy6'
b'4613',b'hdaz'
b'4614',b'7whv'
b'4615',b'4tey'
b'4616',b'89ny'
b'4617',b'h29r'
b'4618',b'94tk'
b'4619',b'rwn3'
b'4620',b'3k9r'
b'4621',b'tkva'
b'4622',b'r94z'
b'4623',b'zjp7'
b'4624',b'ztuf'
b'4625',b'zekm'
b'4626',b'nz7m'
b'4627',b'u34h'
b'4628',b'np6a'
b'4629',b'vfr4'
b'4630',b'jf9m'
b'4631',b'4b3e'
b'4632',b'rey6'
b'4633',b'efh4'
b'4634',b'fkr8'
b'4635',b'jm2k'
b'4636',b'arf4'
b'4637',b'hmaf'
b'4638',b'8wat'
b'4639',b'ynrm'
b'4640',b'd3f0'
b'4641',b'yabp'
b'4642',b'mpj2'
b'4643',b'ez9k'
b'4644',b'myfp'
b'4645',b'v4m7'
b'4646',b'b8fk'
b'4647',b'2876'
b'4648',b'6zxr'
b'4649',b'vw9b'
b'4650',b'mvuy'
b'4651',b'9epx'
b'4652',b'yeua'
b'4653',b'm7np'
b'4654',b'xv3d'
b'4655',b'6wy2'
b'4656',b'9k38'
b'4657',b'b4tv'
b'4658',b'7vwx'
b'4659',b'yda7'
b'4660',b'nj89'
b'4661',b'38xk'
b'4662',b'6hav'
b'4663',b'h3kw'
b'4664',b'8bpa'
b'4665',b'k3eb'
b'4666',b'nrwh'
b'4667',b'63wm'
b'4668',b'b89j'
b'4669',b'8wad'
b'4670',b'4umd'
b'4671',b'8xrm'
b'4672',b'jw3y'
b'4673',b'bezn'
b'4674',b'923v'
b'4675',b'm6uj'
b'4676',b'8u3v'
b'4677',b'4jb7'
b'4678',b'34nx'
b'4679',b'z46a'
b'4680',b'karz'
b'4681',b'2xun'
b'4682',b'rtxm'
b'4683',b'jtwa'
b'4684',b'zepw'
b'4685',b'h479'
b'4686',b'9e2y'
b'4687',b'xva3'
b'4688',b'mxph'
b'4689',b'4yua'
b'4690',b'kwt6'
b'4691',b'upx6'
b'4692',b'9vb3'
b'4693',b'tuwn'
b'4694',b't2zh'
b'4695',b'8tpn'
b'4696',b'ayf4'
b'4697',b'wdyj'
b'4698',b'w4a7'
b'4699',b'3xhe'
b'4700',b'wkf9'
b'4701',b'97p8'
b'4702',b'xtdh'
b'4703',b'pnrd'
b'4704',b'njuk'
b'4705',b'vyf9'
b'4706',b'326m'
b'4707',b'd38n'
b'4708',b'aybe'
b'4709',b'wh2u'
b'4710',b'paht'
b'4711',b'3ubw'
b'4712',b'4zdv'
b'4713',b'bjtm'
b'4714',b'e94j'
b'4715',b'z2hj'
b'4716',b'dz3f'
b'4717',b'9be3'
b'4718',b'tk8h'
b'4719',b'7znr'
b'4720',b'yjx7'
b'4721',b'3a8z'
b'4722',b'f3h8'
b'4723',b'htja'
b'4724',b'ytxv'
b'4725',b'jf7z'
b'4726',b'63fj'
b'4727',b'xb2j'
b'4728',b'79fw'
b'4729',b'ta6f'
b'4730',b'te67'
b'4731',b'8x6y'
b'4732',b'k7zh'
b'4733',b'382d'
b'4734',b'wnbv'
b'4735',b'mdy2'
b'4736',b'7x2u'
b'4737',b'nx4j'
b'4738',b'2ra3'
b'4739',b'kb3r'
b'4740',b'zenh'
b'4741',b'fw98'
b'4742',b'wz6b'
b'4743',b'kt6z'
b'4744',b'84x7'
b'4745',b'mda9'
b'4746',b'nz6p'
b'4747',b'vb4a'
b'4748',b'wf3m'
b'4749',b'ajm7'
b'4750',b'3vxu'
b'4751',b'z6r7'
b'4752',b'ma9b'
b'4753',b'hdra'
b'4754',b'pzdk'
b'4755',b'a6kf'
b'4756',b'a4b7'
b'4757',b'6brh'
b'4758',b'kdyz'
b'4759',b'efur'
b'4760',b'k8t7'
b'4761',b'4uka'
b'4762',b'ej34'
b'4763',b'buav'
b'4764',b'fhze'
b'4765',b'kx9z'
b'4766',b'rdfa'
b'4767',b'vkba'
b'4768',b'ypm4'
b'4769',b'rh68'
b'4770',b'dnxz'
b'4771',b'xdut'
b'4772',b'wutr'
b'4773',b'29mj'
b'4774',b'jkwp'
b'4775',b'27wk'
b'4776',b'uarb'
b'4777',b'ybdw'
b'4778',b'z7xk'
b'4779',b'h8f6'
b'4780',b'hk6p'
b'4781',b'675f'
b'4782',b'b69j'
b'4783',b'ae24'
b'4784',b'u2t6'
b'4785',b'vfdb'
b'4786',b'pa24'
b'4787',b'w87f'
b'4788',b'dx3h'
b'4789',b'vfr8'
b'4790',b'dn7k'
b'4791',b'b24m'
b'4792',b'mt43'
b'4793',b'wdt9'
b'4794',b'nv7f'
b'4795',b'jup7'
b'4796',b'4n8z'
b'4797',b'ja8u'
b'4798',b'auv9'
b'4799',b'x3v8'
b'4800',b'kr28'
b'4801',b'4ahe'
b'4802',b'wmre'
b'4803',b'93z7'
b'4804',b'rktp'
b'4805',b'brdv'
b'4806',b'4aew'
b'4807',b'ed7u'
b'4808',b'v38d'
b'4809',b'wt76'
b'4810',b'hn82'
b'4811',b'mfk8'
b'4812',b'x76e'
b'4813',b'ywdr'
b'4814',b'6ax7'
b'4815',b'j6n8'
b'4816',b'nwyb'
b'4817',b'p6nb'
b'4818',b'r94e'
b'4819',b'amvj'
b'4820',b'pa93'
b'4821',b'8wy3'
b'4822',b'hk6t'
b'4823',b'zpuk'
b'4824',b'b2a3'
b'4825',b'7euz'
b'4826',b'bhfe'
b'4827',b'3zat'
b'4828',b'h8rw'
b'4829',b'u978'
b'4830',b'zpnh'
b'4831',b'vtw9'
b'4832',b'96uh'
b'4833',b'79kw'
b'4834',b'rkhp'
b'4835',b'gd7a'
b'4836',b'whtz'
b'4837',b'8htm'
b'4838',b'au9b'
b'4839',b'dpwt'
b'4840',b'z7px'
b'4841',b'tan7'
b'4842',b'u7pz'
b'4843',b'zmk6'
b'4844',b'ruwh'
b'4845',b'8v2t'
b'4846',b'3phb'
b'4847',b'2fbp'
b'4848',b'dypj'
b'4849',b'rfue'
b'4850',b'nyr2'
b'4851',b'zn6v'
b'4852',b'4n2r'
b'4853',b'7bmk'
b'4854',b'2xv4'
b'4855',b'xm4t'
b'4856',b'ru6n'
b'4857',b'h3tw'
b'4858',b'aetk'
b'4859',b'ua2p'
b'4860',b'2p36'
b'4861',b'h4e9'
b'4862',b'bve6'
b'4863',b'fwjk'
b'4864',b'urxe'
b'4865',b'a4vd'
b'4866',b'w9xn'
b'4867',b'u4d9'
b'4868',b'xbht'
b'4869',b'zd3x'
b'4870',b'vyak'
b'4871',b'brdn'
b'4872',b'246d'
b'4873',b'nhzj'
b'4874',b'zmkh'
b'4875',b'y2jm'
b'4876',b'ak8m'
b'4877',b'h3px'
b'4878',b'eavr'
b'4879',b'n6z4'
b'4880',b'9an6'
b'4881',b'dh4a'
b'4882',b'jdvy'
b'4883',b'4tjr'
b'4884',b'jvwb'
b'4885',b'zdtf'
b'4886',b'dwj3'
b'4887',b'djef'
b'4888',b'8ezj'
b'4889',b'tdpk'
b'4890',b'fm7h'
b'4891',b'hmw3'
b'4892',b'6pkh'
b'4893',b'bwpj'
b'4894',b'dbka'
b'4895',b'4xba'
b'4896',b'mhbp'
b'4897',b'mpk7'
b'4898',b'uz8w'
b'4899',b'u4y7'
b'4900',b'nm32'
b'4901',b'zk7h'
b'4902',b'7a36'
b'4903',b'9kfr'
b'4904',b'n2ja'
b'4905',b'4f38'
b'4906',b'3kay'
b'4907',b'ndhr'
b'4908',b'uf7j'
b'4909',b'e9w8'
b'4910',b'wnhk'
b'4911',b'9pfm'
b'4912',b'yu6e'
b'4913',b'ek8w'
b'4914',b'9yxa'
b'4915',b'w6kv'
b'4916',b'xf2t'
b'4917',b'vh49'
b'4918',b'xxxb'
b'4919',b'bnjp'
b'4920',b'uawx'
b'4921',b'ue39'
b'4922',b'xra3'
b'4923',b'tbh8'
b'4924',b'xef3'
b'4925',b'2db3'
b'4926',b'rwz4'
b'4927',b'8mwj'
b'4928',b'rkyp'
b'4929',b'ez2r'
b'4930',b'na7m'
b'4931',b'24dy'
b'4932',b'dnvx'
b'4933',b'nkw8'
b'4934',b'u6p7'
b'4935',b'nvex'
b'4936',b'f3ma'
b'4937',b'h2zd'
b'4938',b'bknr'
b'4939',b'6pzb'
b'4940',b'u6fr'
b'4941',b'r6tj'
b'4942',b'4nvd'
b'4943',b'67h9'
b'4944',b'k2pe'
b'4945',b'jbdr'
b'4946',b'vm7b'
b'4947',b'wdxn'
b'4948',b'frky'
b'4949',b'9prb'
b'4950',b'mh93'
b'4951',b'6f4b'
b'4952',b'nv2k'
b'4953',b'wftj'
b'4954',b'4vun'
b'4955',b'j9m3'
b'4956',b'zxuf'
b'4957',b'7469'
b'4958',b'fw89'
b'4959',b'z6ve'
b'4960',b'tj8f'
b'4961',b'aruw'
b'4962',b'9fp4'
b'4963',b'4map'
b'4964',b'7n9k'
b'4965',b'mkrp'
b'4966',b'4umr'
b'4967',b'3fya'
b'4968',b'b6dv'
b'4969',b'86z4'
b'4970',b'yhpx'
b'4971',b'yr39'
b'4972',b'f3x9'
b'4973',b'9nez'
b'4974',b'am87'
b'4975',b'8ndr'
b'4976',b'y9pn'
b'4977',b'pav8'
b'4978',b'6xud'
b'4979',b'hb43'
b'4980',b'ky9a'
b'4981',b'wndk'
b'4982',b'tm6b'
b'4983',b'vkra'
b'4984',b'3hep'
b'4985',b'n6au'
b'4986',b'f2kz'
b'4987',b'r47u'
b'4988',b'3b4h'
b'4989',b'8n2a'
b'4990',b'pu9d'
b'4991',b'dzb7'
b'4992',b'x3bt'
b'4993',b'x38t'
b'4994',b'46tm'
b'4995',b'wzdt'
b'4996',b'wkzm'
b'4997',b'ay39'
b'4998',b'r43t'
b'4999',b'xkyv'
b'5000',b'dze7'
b'5001',b'erzx'
b'5002',b'm37n'
b'5003',b'8d4f'
b'5004',b'dmu4'
b'5005',b'hb8f'
b'5006',b'kf7b'
b'5007',b'ydek'
b'5008',b'vt28'
b'5009',b'7r3u'
b'5010',b'p6bt'
b'5011',b'7y4w'
b'5012',b'7nby'
b'5013',b'm93w'
b'5014',b'de8k'
b'5015',b'47ku'
b'5016',b'm8d4'
